"id","name","released","tba","rating","rating_top","ratings_count","reviews_text_count","added","metacritic","playtime","suggestions_count","updated","esrb_rating_id","esrb_rating_name","PlayStation 5","Xbox Series S/X","PlayStation 4","PC","PlayStation 3","Xbox 360","Xbox One","Nintendo Switch","Linux","macOS","Android","PS Vita","iOS","Xbox","Web","Wii U","Nintendo 3DS","PlayStation 2","Dreamcast","Classic Macintosh","Nintendo DS","Wii","GameCube","Nintendo 64","PlayStation","Game Boy Advance"
3498,"Grand Theft Auto V",2013-09-17,FALSE,4.47,5,6330,50,19378,92,73,421,2023-05-17 14:15:34,4,"Mature",1,1,1,1,1,1,1,0,0,0,0,0,0,0,0,0,0,0,0,0,0,0,0,0,0,0
3328,"The Witcher 3: Wild Hunt",2015-05-18,FALSE,4.66,5,6028,64,18559,92,46,663,2023-05-18 22:20:16,4,"Mature",1,1,1,1,0,0,1,1,0,0,0,0,0,0,0,0,0,0,0,0,0,0,0,0,0,0
4200,"Portal 2",2011-04-18,FALSE,4.62,5,5263,31,17486,95,11,541,2023-05-18 22:20:17,2,"Everyone 10+",0,0,0,1,1,1,1,0,1,1,0,0,0,0,0,0,0,0,0,0,0,0,0,0,0,0
5286,"Tomb Raider (2013)",2013-03-05,FALSE,4.05,4,3660,12,15282,86,10,636,2023-05-18 15:38:25,4,"Mature",0,0,1,1,1,1,1,0,0,1,0,0,0,0,0,0,0,0,0,0,0,0,0,0,0,0
4291,"Counter-Strike: Global Offensive",2012-08-21,FALSE,3.57,4,3236,22,15162,81,65,581,2023-05-18 19:50:34,4,"Mature",0,0,0,1,1,1,0,0,0,0,0,0,0,0,0,0,0,0,0,0,0,0,0,0,0,0
13536,"Portal",2007-10-09,FALSE,4.51,5,4392,23,14857,90,4,281,2023-05-19 18:56:16,3,"Teen",0,0,0,1,1,1,0,1,1,1,1,0,0,0,0,0,0,0,0,0,0,0,0,0,0,0
12020,"Left 4 Dead 2",2009-11-17,FALSE,4.09,4,3060,9,14808,89,9,582,2023-05-18 19:50:06,4,"Mature",0,0,0,1,0,1,0,0,1,1,0,0,0,0,0,0,0,0,0,0,0,0,0,0,0,0
5679,"The Elder Scrolls V: Skyrim",2011-11-11,FALSE,4.42,5,4332,29,14649,94,46,593,2023-05-16 19:12:58,4,"Mature",0,0,0,1,1,1,0,1,0,0,0,0,0,0,0,0,0,0,0,0,0,0,0,0,0,0
4062,"BioShock Infinite",2013-03-26,FALSE,4.39,5,3792,21,14145,94,12,595,2023-05-19 19:47:27,4,"Mature",0,0,1,1,1,1,1,1,1,0,0,0,0,0,0,0,0,0,0,0,0,0,0,0,0,0
28,"Red Dead Redemption 2",2018-10-26,FALSE,4.59,5,4524,67,14055,96,19,601,2023-05-18 22:20:18,4,"Mature",0,0,1,1,0,0,1,0,0,0,0,0,0,0,0,0,0,0,0,0,0,0,0,0,0,0
802,"Borderlands 2",2012-09-18,FALSE,4.02,4,3036,12,13983,89,10,679,2023-05-19 19:47:47,4,"Mature",0,0,0,1,1,1,0,0,1,1,1,1,0,0,0,0,0,0,0,0,0,0,0,0,0,0
3439,"Life is Strange",2015-01-29,FALSE,4.11,5,3432,25,13978,83,7,523,2023-05-16 11:16:58,4,"Mature",0,0,1,1,1,1,1,0,1,1,1,0,1,0,0,0,0,0,0,0,0,0,0,0,0,0
13537,"Half-Life 2",2004-11-16,FALSE,4.49,5,3586,16,13227,96,7,551,2023-05-19 13:58:24,4,"Mature",0,0,0,1,0,1,0,0,1,1,1,0,0,1,0,0,0,0,0,0,0,0,0,0,0,0
4286,"BioShock",2007-08-21,FALSE,4.36,5,3082,23,12857,96,3,637,2023-05-18 19:53:28,4,"Mature",0,0,0,1,1,1,0,0,0,1,0,0,0,0,0,0,0,0,0,0,0,0,0,0,0,0
1030,"Limbo",2010-07-21,FALSE,4.15,4,3081,22,12483,88,3,183,2023-05-13 17:35:56,3,"Teen",0,0,1,1,1,1,1,1,1,1,1,1,1,0,0,0,0,0,0,0,0,0,0,0,0,0
58175,"God of War (2018)",2018-04-20,FALSE,4.58,5,4368,67,12367,94,11,586,2023-05-18 22:20:18,4,"Mature",0,0,1,1,0,0,0,0,0,0,0,0,0,0,0,0,0,0,0,0,0,0,0,0,0,0
32,"Destiny 2",2017-09-06,FALSE,3.55,4,2463,19,12339,82,5,1191,2023-05-16 19:12:14,3,"Teen",1,1,1,1,0,0,1,0,0,0,0,0,0,0,1,0,0,0,0,0,0,0,0,0,0,0
3070,"Fallout 4",2015-11-09,FALSE,3.8,4,3069,17,12293,84,41,444,2023-05-18 21:40:30,4,"Mature",0,0,1,1,0,0,1,0,0,0,0,0,0,0,0,0,0,0,0,0,0,0,0,0,0,0
2454,"DOOM (2016)",2016-05-13,FALSE,4.38,5,3308,27,12291,85,10,652,2023-05-17 19:08:58,4,"Mature",0,0,1,1,0,0,1,1,0,0,0,0,0,0,0,0,0,0,0,0,0,0,0,0,0,0
11859,"Team Fortress 2",2007-10-10,FALSE,3.67,4,2701,18,12023,92,9,515,2023-05-18 01:40:38,4,"Mature",0,0,0,1,0,0,0,0,1,1,0,0,0,0,0,0,0,0,0,0,0,0,0,0,0,0
3939,"PAYDAY 2",2013-08-13,FALSE,3.51,4,2005,14,11972,79,9,404,2023-05-18 12:27:08,5,"Adults Only",0,0,0,1,0,0,1,0,1,0,0,0,0,0,0,0,0,0,0,0,0,0,0,0,0,0
278,"Horizon Zero Dawn",2017-02-28,FALSE,4.31,5,3480,37,11743,89,10,616,2023-05-18 17:35:50,3,"Teen",0,0,1,1,0,0,0,0,0,0,0,0,0,0,0,0,0,0,0,0,0,0,0,0,0,0
4459,"Grand Theft Auto IV",2008-04-29,FALSE,4.25,4,2735,16,11537,95,10,489,2023-05-16 19:13:59,4,"Mature",0,0,0,1,1,1,1,0,0,0,0,0,0,0,0,0,0,0,0,0,0,0,0,0,0,0
3272,"Rocket League",2015-07-07,FALSE,3.95,4,2657,14,11403,86,20,615,2023-05-19 18:57:09,1,"Everyone",0,0,1,1,0,0,1,1,1,1,0,0,0,0,0,0,0,0,0,0,0,0,0,0,0,0
41494,"Cyberpunk 2077",2020-12-10,FALSE,4.11,5,2197,52,11294,73,25,597,2023-05-18 12:26:49,4,"Mature",1,1,1,1,0,0,1,0,0,0,0,0,0,0,0,0,0,0,0,0,0,0,0,0,0,0
422,"Terraria",2011-05-16,FALSE,4.05,4,2177,13,11252,81,14,296,2023-05-15 22:08:52,3,"Teen",0,0,1,1,1,1,1,1,1,1,1,1,1,0,0,1,1,0,0,0,0,0,0,0,0,0
10213,"Dota 2",2013-07-09,FALSE,3.06,3,2546,20,11248,90,14,411,2023-05-18 12:27:05,0,NA,0,0,0,1,0,0,0,0,1,1,0,0,0,0,0,0,0,0,0,0,0,0,0,0,0,0
766,"Warframe",2013-03-25,FALSE,3.42,4,1928,9,11129,73,8,717,2023-05-16 19:12:49,4,"Mature",1,1,1,1,0,0,1,1,0,0,0,0,0,0,0,0,0,0,0,0,0,0,0,0,0,0
29028,"Metro 2033",2010-03-16,FALSE,3.93,4,2050,2,11035,79,2,564,2023-05-18 20:22:59,4,"Mature",0,0,0,1,0,1,0,0,0,0,0,0,0,0,0,0,0,0,0,0,0,0,0,0,0,0
3192,"Metal Gear Solid V: The Phantom Pain",2015-09-01,FALSE,4.15,5,2359,15,10884,91,24,522,2023-05-16 19:12:12,4,"Mature",0,0,1,1,1,1,1,0,0,0,0,0,0,0,0,0,0,0,0,0,0,0,0,0,0,0
7689,"Rise of the Tomb Raider",2015-11-10,FALSE,4.03,4,2511,12,10803,86,15,660,2023-05-16 23:25:08,0,NA,0,0,1,1,0,0,1,0,0,1,0,0,0,0,0,0,0,0,0,0,0,0,0,0,0,0
3287,"Batman: Arkham Knight",2015-06-23,FALSE,4.24,4,2407,12,10562,81,20,661,2023-05-15 19:50:29,4,"Mature",0,0,1,1,0,0,1,0,0,0,0,0,0,0,0,0,0,0,0,0,0,0,0,0,0,0
23027,"The Walking Dead: Season 1",2012-04-23,FALSE,4.33,5,2262,12,10437,92,8,642,2023-05-16 12:10:12,4,"Mature",0,0,1,1,1,1,1,1,0,1,1,1,1,0,0,0,0,0,0,0,0,0,0,0,0,0
16944,"The Witcher 2: Assassins of Kings Enhanced Edition",2012-04-16,FALSE,4.16,4,1998,7,10405,88,7,689,2023-05-18 19:46:32,4,"Mature",0,0,0,1,0,1,0,0,0,1,0,0,0,0,0,0,0,0,0,0,0,0,0,0,0,0
19103,"Half-Life 2: Lost Coast",2005-10-27,FALSE,3.45,4,1087,2,10318,NA,1,277,2023-05-15 21:49:26,4,"Mature",0,0,0,1,0,0,0,0,1,1,0,0,0,0,0,0,0,0,0,0,0,0,0,0,0,0
416,"Grand Theft Auto: San Andreas",2004-10-26,FALSE,4.51,5,3436,8,10229,93,2,478,2023-05-18 19:30:11,4,"Mature",0,0,1,1,1,1,1,0,0,1,1,0,1,1,0,0,0,1,0,0,0,0,0,0,0,0
11973,"Middle-earth: Shadow of Mordor",2014-09-30,FALSE,3.89,4,2297,11,10219,85,13,641,2023-05-16 08:02:59,4,"Mature",0,0,1,1,1,1,1,0,1,1,0,0,0,0,0,0,0,0,0,0,0,0,0,0,0,0
17822,"The Witcher: Enhanced Edition Director's Cut",2008-09-16,FALSE,4.07,4,1875,4,10184,86,5,662,2023-05-18 19:46:39,4,"Mature",0,0,0,1,0,0,0,0,0,1,0,0,0,0,0,0,0,0,0,0,0,0,0,0,0,0
4427,"BioShock 2",2010-02-09,FALSE,4.07,4,1789,8,9980,88,3,639,2023-05-18 19:53:32,0,NA,0,0,1,1,1,1,1,1,0,1,0,0,0,0,0,0,0,0,0,0,0,0,0,0,0,0
19710,"Half-Life 2: Episode One",2006-06-01,FALSE,4.38,5,1847,3,9964,87,4,300,2023-05-15 21:46:48,4,"Mature",0,0,0,1,0,1,0,0,1,1,1,0,0,0,0,0,0,0,0,0,0,0,0,0,0,0
290856,"Apex Legends",2019-02-04,FALSE,3.67,4,2184,19,9892,80,4,651,2023-05-15 21:57:51,3,"Teen",0,0,1,1,0,0,1,1,0,1,0,0,0,0,0,0,0,0,0,0,0,0,0,0,0,0
19709,"Half-Life 2: Episode Two",2007-10-09,FALSE,4.45,5,1810,4,9862,90,5,296,2023-05-15 21:46:40,4,"Mature",0,0,0,1,0,1,0,0,1,1,1,0,0,0,0,0,0,0,0,0,0,0,0,0,0,0
10035,"Hitman",2016-03-11,FALSE,3.92,4,1873,3,9794,83,7,562,2023-05-19 19:09:20,5,"Adults Only",0,0,1,1,0,0,1,0,1,1,0,0,0,0,0,0,0,0,0,0,0,0,0,0,0,0
9767,"Hollow Knight",2017-02-23,FALSE,4.41,5,2287,29,9771,88,6,487,2023-05-15 21:45:07,2,"Everyone 10+",0,0,1,1,0,0,1,1,1,1,0,1,0,0,0,0,0,0,0,0,0,0,0,0,0,0
41,"Little Nightmares",2017-04-27,FALSE,4.04,4,1378,22,9683,81,3,314,2023-05-19 13:09:09,3,"Teen",0,0,1,1,0,0,1,1,0,0,0,0,0,0,0,0,0,0,0,0,0,0,0,0,0,0
4252,"Mirror's Edge",2008-11-11,FALSE,4.07,4,2145,11,9636,81,3,332,2023-05-18 12:27:02,3,"Teen",0,0,0,1,1,1,0,0,0,0,0,0,0,0,0,0,0,0,0,0,0,0,0,0,0,0
2551,"Dark Souls III",2016-04-11,FALSE,4.4,5,2431,12,9549,89,28,699,2023-05-16 19:16:36,4,"Mature",0,0,1,1,0,0,1,0,0,0,0,0,0,0,0,0,0,0,0,0,0,0,0,0,0,0
3612,"Hotline Miami",2012-10-22,FALSE,4.38,5,2389,10,9542,85,5,290,2023-05-18 12:27:04,0,NA,0,0,1,1,0,0,1,1,1,0,0,1,0,0,0,0,0,0,0,0,0,0,0,0,0,0
3790,"Outlast",2013-09-03,FALSE,3.72,4,1654,9,9480,80,3,458,2023-05-15 21:40:38,4,"Mature",0,0,1,1,0,0,1,1,1,1,0,0,0,0,0,0,0,0,0,0,0,0,0,0,0,0
1447,"Deus Ex: Mankind Divided",2016-08-22,FALSE,3.97,4,1872,11,9461,83,8,622,2023-05-19 20:42:31,4,"Mature",0,0,1,1,0,0,1,0,1,1,0,0,0,0,0,0,0,0,0,0,0,0,0,0,0,0
10754,"BioShock Remastered",2016-09-15,FALSE,4.24,5,1288,7,9315,NA,4,254,2023-05-19 19:47:38,4,"Mature",0,0,1,1,0,0,1,1,0,1,0,0,0,0,0,0,0,0,0,0,0,0,0,0,0,0
58134,"Marvel's Spider-Man",2018-09-07,FALSE,4.46,5,3265,50,9311,87,6,569,2023-05-17 07:58:17,3,"Teen",1,0,1,1,0,0,0,0,0,0,0,0,0,0,0,0,0,0,0,0,0,0,0,0,0,0
4161,"Far Cry 3",2012-11-28,FALSE,4.24,4,2611,14,9306,88,16,619,2023-05-15 21:39:47,4,"Mature",0,0,1,1,1,1,1,0,0,0,0,0,0,0,0,0,0,0,0,0,0,0,0,0,0,0
4332,"Spec Ops: The Line",2012-06-26,FALSE,4.09,4,1775,11,9286,76,5,523,2023-05-18 12:27:00,4,"Mature",0,0,0,1,1,1,1,0,0,0,0,0,0,0,0,0,0,0,0,0,0,0,0,0,0,0
13668,"Amnesia: The Dark Descent",2010-09-08,FALSE,3.65,4,1137,8,9235,85,2,424,2023-05-15 22:02:23,4,"Mature",0,0,0,1,0,0,0,0,1,1,0,0,0,0,0,0,0,0,0,0,0,0,0,0,0,0
11936,"Half-Life 2: Deathmatch",2004-11-01,FALSE,3.27,4,839,1,9194,NA,1,192,2023-05-15 21:49:27,4,"Mature",0,0,0,1,0,0,0,0,1,1,0,0,0,0,0,0,0,0,0,0,0,0,0,0,0,0
19487,"Alan Wake",2010-05-14,FALSE,4.1,4,2026,5,9170,83,5,511,2023-05-13 11:39:45,3,"Teen",0,0,0,1,0,1,1,0,0,0,0,0,0,0,0,0,0,0,0,0,0,0,0,0,0,0
4386,"Saints Row: The Third",2011-11-14,FALSE,3.95,4,1889,8,9148,84,14,649,2023-05-19 20:04:20,4,"Mature",0,0,0,1,1,1,1,0,1,0,0,0,0,0,0,0,0,0,0,0,0,0,0,0,0,0
18080,"Half-Life",1998-11-19,FALSE,4.4,5,2099,12,9078,96,3,459,2023-05-18 19:34:48,4,"Mature",0,0,0,1,0,0,0,0,1,1,0,0,0,0,0,0,0,1,1,0,0,0,0,0,0,0
3696,"Wolfenstein: The New Order",2014-05-19,FALSE,4.19,4,2273,11,9052,81,12,670,2023-05-16 21:20:17,4,"Mature",0,0,1,1,1,1,1,0,0,0,0,0,0,0,0,0,0,0,0,0,0,0,0,0,0,0
4828,"Borderlands",2009-10-20,FALSE,3.83,4,1927,8,8974,81,10,655,2023-05-15 21:40:15,5,"Adults Only",0,0,0,1,1,1,1,1,0,0,0,0,0,0,0,0,0,0,0,0,0,0,0,0,0,0
29177,"Detroit: Become Human",2018-05-25,FALSE,4.3,5,2853,43,8939,79,10,478,2023-05-15 21:29:34,4,"Mature",0,0,1,1,0,0,0,0,0,0,0,0,0,0,0,0,0,0,0,0,0,0,0,0,0,0
10533,"Path of Exile",2013-10-23,FALSE,3.64,4,1477,6,8905,86,5,569,2023-05-15 21:49:15,0,NA,0,0,1,1,0,0,1,0,0,0,0,0,0,0,0,0,0,0,0,0,0,0,0,0,0,0
654,"Stardew Valley",2016-02-25,FALSE,4.41,5,2111,17,8867,89,11,275,2023-05-15 17:39:57,2,"Everyone 10+",0,0,1,1,0,0,1,1,1,1,1,1,1,0,0,0,0,0,0,0,0,0,0,0,0,0
39,"Prey",2017-05-05,FALSE,4.28,5,2009,21,8796,80,9,624,2023-05-19 20:03:09,4,"Mature",0,0,1,1,0,0,1,0,0,0,0,0,0,0,0,0,0,0,0,0,0,0,0,0,0,0
2462,"Uncharted 4: A Thief’s End",2016-05-10,FALSE,4.5,5,3334,22,8790,93,0,659,2023-05-17 14:22:11,3,"Teen",1,0,1,0,0,0,0,0,0,0,0,0,0,0,0,0,0,0,0,0,0,0,0,0,0,0
10142,"PlayerUnknown’s Battlegrounds",2017-12-20,FALSE,3.29,3,1772,15,8774,81,33,468,2023-05-15 21:47:33,0,NA,0,0,1,1,0,0,1,0,0,0,0,0,0,0,0,0,0,0,0,0,0,0,0,0,0,0
9721,"Garry's Mod",2004-12-24,FALSE,3.79,4,1469,11,8773,NA,13,453,2023-05-16 19:12:03,6,"Rating Pending",0,0,0,1,0,0,0,0,1,1,0,0,0,0,0,0,0,0,0,0,0,0,0,0,0,0
17540,"Injustice: Gods Among Us Ultimate Edition",2013-11-12,FALSE,3.52,4,1333,3,8730,80,5,401,2023-05-10 07:46:23,4,"Mature",0,0,1,1,1,1,0,0,0,0,0,1,0,0,0,0,0,0,0,0,0,0,0,0,0,0
4514,"L.A. Noire",2011-05-17,FALSE,4.16,4,1896,12,8719,83,7,439,2023-05-18 19:58:10,4,"Mature",0,0,1,1,1,1,1,1,0,0,0,0,0,0,0,0,0,0,0,0,0,0,0,0,0,0
3144,"Super Meat Boy",2010-10-20,FALSE,3.97,4,1653,8,8696,87,3,266,2023-05-19 01:33:57,0,NA,0,0,1,1,0,1,0,1,1,1,1,1,0,0,1,1,0,0,0,0,0,0,0,0,0,0
13633,"Sid Meier's Civilization V",2010-09-21,FALSE,4.29,4,1867,5,8629,90,26,432,2023-05-18 12:26:56,2,"Everyone 10+",0,0,0,1,0,0,0,0,1,1,0,0,0,0,0,0,0,0,0,0,0,0,0,0,0,0
362,"For Honor",2017-02-13,FALSE,3.3,4,1589,6,8626,76,8,703,2023-05-18 12:26:53,4,"Mature",0,0,1,1,0,0,1,0,0,0,0,0,0,0,0,0,0,0,0,0,0,0,0,0,0,0
4570,"Dead Space (2008)",2008-10-13,FALSE,4.38,5,2020,12,8583,86,3,697,2023-05-16 12:13:01,4,"Mature",0,0,0,1,1,1,1,0,0,0,0,0,0,0,0,0,0,0,0,0,0,0,0,0,0,0
5563,"Fallout: New Vegas",2010-10-19,FALSE,4.44,5,2287,10,8581,84,12,589,2023-05-16 08:02:56,4,"Mature",0,0,1,1,1,1,1,0,0,0,0,0,0,0,0,0,0,0,0,0,0,0,0,0,0,0
4248,"Dishonored",2012-09-25,FALSE,4.37,5,2422,15,8549,91,10,674,2023-05-19 12:23:13,4,"Mature",0,0,1,1,1,1,1,0,0,0,0,0,0,0,0,0,0,0,0,0,0,0,0,0,0,0
3841,"Assassin’s Creed IV: Black Flag",2013-10-29,FALSE,4.13,4,2319,13,8546,85,25,697,2023-05-17 20:21:04,4,"Mature",0,0,1,1,1,1,1,1,0,0,0,0,0,0,0,1,0,0,0,0,0,0,0,0,0,0
10243,"Company of Heroes 2",2013-06-25,FALSE,3.09,4,802,1,8544,80,4,592,2023-05-07 06:14:36,4,"Mature",0,0,0,1,0,0,0,0,1,1,0,0,0,0,0,0,0,0,0,0,0,0,0,0,0,0
5583,"Hitman: Absolution",2012-11-19,FALSE,3.73,4,1502,4,8525,79,7,586,2023-05-16 12:12:55,4,"Mature",0,0,1,1,1,1,0,0,0,1,0,0,0,0,0,0,0,0,0,0,0,0,0,0,0,0
864,"Dishonored 2",2016-11-10,FALSE,4.26,4,1789,11,8522,86,12,684,2023-05-16 08:02:54,4,"Mature",0,0,1,1,0,0,1,0,0,0,0,0,0,0,0,0,0,0,0,0,0,0,0,0,0,0
12536,"Hellblade: Senua's Sacrifice",2017-08-07,FALSE,4.25,5,2045,34,8516,83,6,463,2023-05-19 15:08:59,4,"Mature",0,0,1,1,0,0,1,1,0,0,0,0,0,0,0,0,0,0,0,0,0,0,0,0,0,0
12447,"The Elder Scrolls V: Skyrim Special Edition",2016-10-27,FALSE,4.46,5,1794,6,8514,74,8,446,2023-05-18 21:40:55,4,"Mature",0,0,1,1,0,0,1,0,0,0,0,0,0,0,0,0,0,0,0,0,0,0,0,0,0,0
430,"Grand Theft Auto: Vice City",2002-10-27,FALSE,4.45,5,2703,7,8492,94,2,367,2023-05-18 19:30:44,4,"Mature",0,0,0,1,0,0,0,0,0,1,1,1,1,1,0,0,0,1,0,0,0,0,0,0,0,0
3636,"The Last Of Us Remastered",2014-07-29,FALSE,4.69,5,2732,18,8476,95,16,469,2023-05-17 06:44:29,4,"Mature",0,0,1,0,0,0,0,0,0,0,0,0,0,0,0,0,0,0,0,0,0,0,0,0,0,0
4806,"Mass Effect 2",2010-01-26,FALSE,4.48,5,2755,12,8466,94,21,592,2023-05-18 19:29:54,4,"Mature",0,0,0,1,1,1,1,0,0,0,0,0,0,0,0,0,0,0,0,0,0,0,0,0,0,0
11935,"Half-Life Deathmatch: Source",2006-05-01,FALSE,3.24,4,679,1,8394,NA,1,256,2023-05-15 21:49:24,4,"Mature",0,0,0,1,0,0,0,0,1,1,0,0,0,0,0,0,0,0,0,0,0,0,0,0,0,0
58812,"Control",2019-08-27,FALSE,4.16,4,1706,28,8343,84,6,374,2023-05-19 19:50:10,4,"Mature",1,1,1,1,0,0,1,0,0,0,0,0,0,0,0,0,0,0,0,0,0,0,0,0,0,0
50738,"Death Stranding",2019-11-08,FALSE,4.34,5,1815,32,8304,84,10,552,2023-05-19 19:50:57,4,"Mature",0,0,1,1,0,0,0,0,0,0,0,0,0,0,0,0,0,0,0,0,0,0,0,0,0,0
257201,"Star Wars Jedi: Fallen Order",2019-11-15,FALSE,4.14,4,1950,43,8289,80,8,543,2023-05-17 17:56:10,3,"Teen",1,0,1,1,0,0,1,0,0,0,0,0,0,0,0,0,0,0,0,0,0,0,0,0,0,0
9882,"Don't Starve Together",2016-04-21,FALSE,3.78,4,1240,6,8204,83,7,438,2023-05-15 22:02:41,0,NA,0,0,1,1,0,0,1,0,1,1,0,0,0,0,0,0,0,0,0,0,0,0,0,0,0,0
3747,"Metal Gear Solid V: Ground Zeroes",2014-03-18,FALSE,3.89,4,1617,6,8201,80,3,557,2023-05-15 21:31:00,0,NA,0,0,1,1,1,1,1,0,0,0,0,0,0,0,0,0,0,0,0,0,0,0,0,0,0,0
11934,"Counter-Strike: Source",2004-11-01,FALSE,3.74,4,1373,2,8163,88,7,265,2023-05-18 19:50:28,4,"Mature",0,0,0,1,0,0,0,0,1,1,0,0,0,0,0,0,0,0,0,0,0,0,0,0,0,0
3017,"Just Cause 3",2015-11-30,FALSE,3.38,4,1448,7,8161,74,7,561,2023-05-16 19:12:27,4,"Mature",0,0,1,1,0,0,1,0,0,0,0,0,0,0,0,0,0,0,0,0,0,0,0,0,0,0
3543,"Borderlands: The Pre-Sequel",2014-10-13,FALSE,3.55,4,1269,6,8160,75,6,551,2023-05-19 19:48:14,0,NA,0,0,1,1,1,1,0,1,1,1,1,0,0,0,0,0,0,0,0,0,0,0,0,0,0,0
4166,"Mass Effect",2007-11-16,FALSE,4.39,5,2457,12,8121,89,9,514,2023-05-18 19:32:59,4,"Mature",0,0,0,1,1,1,1,0,0,0,0,0,0,0,0,0,0,0,0,0,0,0,0,0,0,0
3387,"Bloodborne",2015-03-24,FALSE,4.41,5,2304,20,8096,92,12,590,2023-05-18 15:00:37,4,"Mature",0,0,1,0,0,0,0,0,0,0,0,0,0,0,0,0,0,0,0,0,0,0,0,0,0,0
108,"Mortal Kombat X",2015-04-07,FALSE,3.86,4,1950,5,8052,76,7,728,2023-05-18 20:11:34,4,"Mature",0,0,1,1,0,0,1,0,0,0,0,0,0,0,0,0,0,0,0,0,0,0,0,0,0,0
613,"Bastion",2011-07-20,FALSE,4.16,4,1579,10,7932,86,4,547,2023-05-14 09:36:21,0,NA,0,0,1,1,0,1,1,1,1,1,0,1,1,0,0,0,0,0,0,0,0,0,0,0,0,0
3604,"Metro: Last Light Redux",2014-08-25,FALSE,4.13,4,1463,10,7912,76,6,580,2023-05-18 20:23:33,0,NA,0,0,1,1,0,0,1,1,1,1,0,0,0,0,0,0,0,0,0,0,0,0,0,0,0,0
3254,"Journey",2012-03-13,FALSE,4.33,5,2308,9,7886,92,2,215,2023-05-17 15:08:59,0,NA,0,0,1,1,1,0,0,0,0,0,0,0,1,0,0,0,0,0,0,0,0,0,0,0,0,0
19301,"Counter-Strike",2000-11-01,FALSE,4.04,4,1434,2,7877,88,3,486,2023-05-18 19:50:24,0,NA,0,0,0,1,0,0,0,0,1,1,0,0,0,1,0,0,0,0,0,0,0,0,0,0,0,0
4513,"Just Cause 2",2010-03-23,FALSE,3.6,4,1244,3,7849,84,3,567,2023-05-12 21:32:31,4,"Mature",0,0,0,1,1,1,1,0,0,0,0,0,0,0,0,0,0,0,0,0,0,0,0,0,0,0
13535,"Left 4 Dead",2008-11-17,FALSE,4.11,4,1538,7,7822,89,5,583,2023-05-18 19:49:58,4,"Mature",0,0,0,1,0,1,0,0,0,1,0,0,0,0,0,0,0,0,0,0,0,0,0,0,0,0
3191,"Mad Max",2015-08-31,FALSE,3.76,4,1604,11,7819,73,11,557,2023-05-11 17:45:53,4,"Mature",0,0,1,1,0,1,1,0,1,1,0,0,0,0,0,0,0,0,0,0,0,0,0,0,0,0
3603,"Metro 2033 Redux",2014-08-25,FALSE,4.09,4,1677,10,7813,88,6,799,2023-05-15 21:39:53,4,"Mature",0,0,1,1,0,0,1,1,1,1,0,0,0,0,0,0,0,0,0,0,0,0,0,0,0,0
11142,"BioShock 2 Remastered",2016-09-15,FALSE,4.01,4,908,2,7787,83,4,428,2023-05-19 19:47:16,4,"Mature",0,0,1,1,0,0,1,1,0,1,0,0,0,0,0,0,0,0,0,0,0,0,0,0,0,0
10141,"NieR:Automata",2017-03-17,FALSE,4.38,5,1915,24,7763,86,14,633,2023-05-15 21:31:52,4,"Mature",0,0,1,1,0,0,1,1,0,0,0,0,0,0,0,0,0,0,0,0,0,0,0,0,0,0
326292,"Fall Guys: Ultimate Knockout",2020-08-04,FALSE,3.74,4,1167,15,7757,80,5,176,2023-05-15 21:47:50,1,"Everyone",0,1,1,1,0,0,1,1,0,0,0,0,0,0,0,0,0,0,0,0,0,0,0,0,0,0
46889,"Monster Hunter: World",2018-01-26,FALSE,4.02,5,1524,18,7756,89,15,584,2023-05-18 13:29:52,3,"Teen",0,0,1,1,0,0,1,0,0,0,0,0,0,0,0,0,0,0,0,0,0,0,0,0,0,0
13910,"XCOM: Enemy Unknown",2012-10-09,FALSE,4.2,4,1480,5,7676,89,13,493,2023-05-10 09:48:44,0,NA,0,0,0,1,1,1,0,0,0,1,1,0,1,0,0,0,0,0,0,0,0,0,0,0,0,0
5525,"Brutal Legend",2009-10-12,FALSE,3.65,4,1031,3,7603,80,5,652,2023-05-13 17:37:04,0,NA,0,0,0,1,1,1,1,0,1,1,0,0,1,0,0,0,0,0,0,0,0,0,0,0,0,0
18240,"Brothers: A Tale of Two Sons",2013-08-07,FALSE,4.19,5,1525,4,7597,90,3,607,2023-05-15 19:53:55,3,"Teen",0,0,1,1,1,1,1,1,0,0,1,0,1,0,0,0,0,0,0,0,0,0,0,0,0,0
22509,"Minecraft",2009-05-10,FALSE,4.43,5,2571,24,7545,83,26,342,2023-05-18 17:52:53,2,"Everyone 10+",0,0,1,1,1,1,1,1,1,1,1,1,1,0,0,1,1,0,0,0,0,0,0,0,0,0
480,"Resident Evil 7: Biohazard",2017-01-23,FALSE,4.32,5,1717,15,7528,85,10,274,2023-05-15 21:32:26,4,"Mature",0,0,1,1,0,0,1,1,0,0,0,0,0,0,0,0,0,0,0,0,0,0,0,0,0,0
923,"Titanfall 2",2016-10-28,FALSE,4.31,5,1869,26,7507,87,5,611,2023-05-15 21:33:03,4,"Mature",0,0,1,1,0,0,1,0,0,0,0,0,0,0,0,0,0,0,0,0,0,0,0,0,0,0
2743,"Heavy Rain",2010-02-23,FALSE,4.09,4,2245,12,7496,80,4,407,2023-05-15 21:33:10,0,NA,0,0,1,1,1,0,0,0,0,0,0,0,0,0,0,0,0,0,0,0,0,0,0,0,0,0
10065,"Cities: Skylines",2015-03-10,FALSE,4.13,4,1378,6,7476,85,8,423,2023-05-15 19:51:09,1,"Everyone",0,0,1,1,0,0,1,1,1,1,0,0,0,0,0,0,0,0,0,0,0,0,0,0,0,0
17576,"Batman: Arkham City - Game of the Year Edition",2012-09-07,FALSE,4.39,5,1352,3,7429,91,9,677,2023-05-11 17:48:49,3,"Teen",0,0,1,1,1,1,1,0,0,1,0,0,0,0,0,0,0,0,0,0,0,0,0,0,0,0
1416,"Mafia II",2010-08-24,FALSE,4.22,4,1957,6,7413,77,13,563,2023-05-15 19:55:55,4,"Mature",0,0,0,1,1,1,1,0,0,0,0,0,0,0,0,0,0,0,0,0,0,0,0,0,0,0
2361,"Psychonauts",2005-04-01,FALSE,4.03,5,901,10,7408,87,4,428,2023-05-13 15:25:33,3,"Teen",0,0,1,1,1,1,1,0,1,1,0,0,1,1,0,0,0,1,0,0,0,0,0,0,0,0
28179,"SEGA Mega Drive and Genesis Classics",2010-06-01,FALSE,3,4,543,0,7406,76,2,377,2023-05-15 21:47:42,3,"Teen",0,0,1,1,0,0,1,1,1,1,0,0,0,0,0,0,0,0,0,0,0,0,0,0,0,0
10989,"Paladins",2016-09-15,FALSE,3.09,3,1309,2,7388,78,6,528,2023-05-16 19:11:49,3,"Teen",0,0,1,1,0,0,1,1,0,1,0,0,0,0,0,0,0,0,0,0,0,0,0,0,0,0
25,"Middle-earth: Shadow of War",2017-09-27,FALSE,3.85,4,1238,6,7374,82,13,375,2023-05-16 10:46:02,4,"Mature",0,0,1,1,0,0,1,0,0,0,1,0,0,0,0,0,0,0,0,0,0,0,0,0,0,0
17572,"Batman: Arkham Asylum Game of the Year Edition",2010-03-26,FALSE,4.38,5,1481,3,7355,91,8,527,2023-05-14 08:24:27,0,NA,0,0,0,1,1,1,0,0,0,0,0,0,0,0,0,0,0,0,0,0,0,0,0,0,0,0
3687,"Watch Dogs",2014-05-27,FALSE,3.57,4,1972,6,7354,77,18,642,2023-05-18 19:56:28,4,"Mature",0,0,1,1,1,1,1,0,0,0,0,0,0,0,0,1,0,0,0,0,0,0,0,0,0,0
23585,"Far Cry 5",2018-03-27,FALSE,3.71,4,1899,25,7349,80,18,379,2023-05-17 06:43:54,4,"Mature",0,0,1,1,0,0,1,0,0,0,0,0,0,0,0,0,0,0,0,0,0,0,0,0,0,0
4280,"Max Payne 3",2012-05-15,FALSE,4.25,4,1754,8,7349,87,11,616,2023-05-17 12:43:03,4,"Mature",0,0,0,1,1,1,0,0,0,1,0,0,0,0,0,0,0,0,0,0,0,0,0,0,0,0
51329,"Shadow of the Tomb Raider",2018-09-14,FALSE,3.9,4,1460,9,7286,78,10,639,2023-05-17 06:41:32,4,"Mature",0,0,1,1,0,0,1,0,1,1,0,0,0,0,0,0,0,0,0,0,0,0,0,0,0,0
13554,"Fallout",1997-09-30,FALSE,4.2,5,1124,4,7274,89,1,575,2023-05-17 17:34:31,0,NA,0,0,0,1,0,0,0,0,0,1,0,0,0,0,0,0,0,0,0,1,0,0,0,0,0,0
1450,"INSIDE",2016-06-28,FALSE,4.39,5,2283,24,7257,87,4,247,2023-05-19 19:57:03,3,"Teen",0,0,1,1,0,0,1,1,0,1,0,0,1,0,0,0,0,0,0,0,0,0,0,0,0,0
4223,"The Darkness II",2012-02-07,FALSE,3.71,4,1024,2,7249,77,3,667,2023-05-16 16:07:27,4,"Mature",0,0,0,1,1,1,1,0,0,1,0,0,0,0,0,0,0,0,0,0,0,0,0,0,0,0
3931,"Saints Row IV",2013-08-20,FALSE,3.83,4,1499,7,7236,86,13,570,2023-05-16 08:27:39,4,"Mature",0,0,1,1,1,1,1,0,1,0,0,0,0,0,0,0,0,0,0,0,0,0,0,0,0,0
3556,"Alien: Isolation",2014-10-05,FALSE,4.19,5,1333,4,7220,81,5,522,2023-05-19 12:15:23,4,"Mature",0,0,1,1,0,0,1,1,0,0,1,0,1,0,0,0,0,0,0,0,0,0,0,0,0,0
274755,"Hades",2020-09-17,FALSE,4.46,5,1593,27,7218,93,9,582,2023-05-16 20:57:39,3,"Teen",1,1,1,1,0,0,1,1,0,0,0,0,0,0,0,0,0,0,0,0,0,0,0,0,0,0
2819,"Firewatch",2016-02-08,FALSE,4.3,5,2241,22,7216,81,5,399,2023-05-18 21:52:08,4,"Mature",0,0,1,1,0,0,1,1,1,1,0,0,0,0,0,0,0,0,0,0,0,0,0,0,0,0
4502,"Darksiders",2010-01-27,FALSE,3.76,4,1133,3,7208,83,3,656,2023-05-18 22:41:46,4,"Mature",0,0,0,1,1,1,1,1,0,0,0,0,0,0,0,0,0,0,0,0,0,0,0,0,0,0
11147,"ARK: Survival Of The Fittest",2016-03-15,FALSE,2.65,3,463,0,7195,NA,1,325,2023-05-15 21:57:42,3,"Teen",0,0,0,1,0,0,0,0,1,1,1,0,1,0,0,0,0,0,0,0,0,0,0,0,0,0
13627,"Undertale",2015-09-14,FALSE,4.34,5,1660,18,7190,92,5,127,2023-05-16 21:23:09,2,"Everyone 10+",0,1,1,1,0,0,1,1,1,1,0,1,0,0,0,0,0,0,0,0,0,0,0,0,0,0
28568,"Assassin's Creed II",2009-11-17,FALSE,4.42,5,2559,14,7189,89,14,628,2023-05-18 19:31:25,4,"Mature",0,0,1,1,1,1,1,0,0,1,0,0,0,0,0,0,0,0,0,0,0,0,0,0,0,0
1010,"Transistor",2014-05-20,FALSE,4.18,5,1399,11,7174,83,4,488,2023-05-17 20:42:35,3,"Teen",0,0,1,1,0,0,0,1,1,1,0,0,1,0,0,0,0,0,0,0,0,0,0,0,0,0
58616,"Assassin's Creed Odyssey",2018-10-05,FALSE,4.01,4,1833,20,7158,85,33,635,2023-05-18 19:51:57,4,"Mature",0,0,1,1,0,0,1,1,0,0,0,0,0,0,0,0,0,0,0,0,0,0,0,0,0,0
58654,"Hitman 2",2018-11-13,FALSE,4.04,4,1128,5,7050,83,5,289,2023-05-15 21:48:53,4,"Mature",0,0,1,1,0,0,1,0,0,0,0,0,0,0,0,0,0,0,0,0,0,0,0,0,0,0
8488,"Tom Clancy's Rainbow Six Siege",2015-12-01,FALSE,3.91,4,1404,9,7043,75,31,462,2023-05-15 21:33:59,3,"Teen",1,1,1,1,0,0,1,0,0,0,0,0,0,0,0,0,0,0,0,0,0,0,0,0,0,0
50734,"Sekiro: Shadows Die Twice",2019-03-22,FALSE,4.37,5,1827,23,7034,90,14,516,2023-05-15 21:44:25,4,"Mature",0,0,1,1,0,0,1,0,0,0,0,0,0,0,0,0,0,0,0,0,0,0,0,0,0,0
45969,"Warhammer: Vermintide 2",2018-03-08,FALSE,3.64,4,676,6,7012,82,7,251,2023-05-15 21:47:29,4,"Mature",0,0,1,1,0,0,1,0,0,0,0,0,0,0,0,0,0,0,0,0,0,0,0,0,0,0
9743,"Unturned",2014-07-07,FALSE,2.7,3,1001,1,6991,NA,3,251,2023-05-15 22:03:53,3,"Teen",0,0,1,1,0,0,1,0,1,1,0,0,0,0,0,0,0,0,0,0,0,0,0,0,0,0
2235,"Batman: Arkham Origins",2013-10-25,FALSE,3.94,4,1435,11,6986,74,12,598,2023-05-10 08:17:40,3,"Teen",0,0,0,1,1,1,0,0,0,0,1,0,0,0,0,0,0,0,0,0,0,0,0,0,0,0
28154,"Cuphead",2017-09-29,FALSE,4.38,5,1809,26,6948,87,5,489,2023-05-16 21:23:34,0,NA,0,0,1,1,0,0,1,1,0,1,0,0,0,0,0,0,0,0,0,0,0,0,0,0,0,0
28153,"Assassin's Creed Origins",2017-10-27,FALSE,3.99,4,1852,21,6936,81,30,320,2023-05-18 19:52:56,4,"Mature",0,0,1,1,0,0,1,0,0,0,0,0,0,0,0,0,0,0,0,0,0,0,0,0,0,0
28201,"Metro Exodus",2019-02-13,FALSE,4.15,4,1465,11,6923,81,6,616,2023-05-18 20:23:45,4,"Mature",0,0,1,1,0,0,1,0,0,0,0,0,0,0,0,0,0,0,0,0,0,0,0,0,0,0
2792,"Layers of Fear",2016-02-16,FALSE,3.53,4,1041,4,6922,72,3,549,2023-05-15 03:42:22,4,"Mature",0,0,1,1,0,0,1,1,1,1,0,0,1,0,0,0,0,0,0,0,0,0,0,0,0,0
11052,"Titan Quest Anniversary Edition",2016-08-31,FALSE,3.81,4,706,5,6900,NA,5,506,2023-05-15 22:00:28,0,NA,0,0,0,1,0,0,0,0,0,0,0,0,0,0,0,0,0,0,0,0,0,0,0,0,0,0
4003,"GRID 2",2013-05-27,FALSE,3.29,4,781,0,6899,80,4,402,2023-05-15 21:45:51,2,"Everyone 10+",0,0,0,1,1,1,0,0,0,1,0,0,0,0,0,0,0,0,0,0,0,0,0,0,0,0
998,"Battlefield 1",2016-10-21,FALSE,3.82,4,1777,7,6899,88,5,615,2023-05-17 13:33:53,0,NA,0,0,1,1,0,0,1,0,0,0,0,0,0,0,0,0,0,0,0,0,0,0,0,0,0,0
9810,"ARK: Survival Evolved",2015-06-02,FALSE,3.04,3,562,2,6881,70,6,601,2023-05-19 19:45:40,0,NA,0,0,1,1,0,0,1,1,1,1,0,0,1,0,0,0,0,0,0,0,0,0,0,0,0,0
1682,"The Wolf Among Us",2013-10-10,FALSE,4.38,5,1930,14,6877,82,9,527,2023-05-19 20:09:30,4,"Mature",0,0,1,1,0,1,1,0,0,1,1,1,1,0,0,0,0,0,0,0,0,0,0,0,0,0
2093,"No Man's Sky",2016-08-09,FALSE,3.69,4,1393,8,6849,75,14,727,2023-05-15 21:34:12,3,"Teen",1,0,1,1,0,0,1,1,0,0,0,0,0,0,0,0,0,0,0,0,0,0,0,0,0,0
15002,"The Stanley Parable",2013-10-17,FALSE,4.38,5,1869,9,6832,88,3,160,2023-05-19 20:09:17,0,NA,0,0,0,1,0,0,0,0,1,1,0,0,0,0,0,0,0,0,0,0,0,0,0,0,0,0
3678,"War Thunder",2013-08-15,FALSE,3.22,4,928,4,6805,81,6,532,2023-05-16 12:12:28,3,"Teen",0,0,1,1,0,0,1,0,1,1,0,0,0,0,0,0,0,0,0,0,0,0,0,0,0,0
10340,"Crusader Kings II",2012-02-14,FALSE,3.59,4,696,2,6798,82,3,503,2023-05-10 09:28:32,0,NA,0,0,0,1,0,0,0,0,1,1,0,0,0,0,0,0,0,0,0,0,0,0,0,0,0,0
3497,"Far Cry 4",2014-11-18,FALSE,3.81,4,1697,12,6788,80,18,493,2023-05-15 21:13:31,4,"Mature",0,0,1,1,1,1,1,0,0,0,0,0,0,0,0,0,0,0,0,0,0,0,0,0,0,0
3876,"Deus Ex: Human Revolution - Director's Cut",2013-10-22,FALSE,4.29,5,1273,6,6754,91,6,602,2023-05-15 19:53:37,4,"Mature",0,0,0,1,1,1,0,0,0,1,0,0,0,0,0,1,0,0,0,0,0,0,0,0,0,0
4527,"Call of Duty: Modern Warfare 2",2009-11-10,FALSE,4.26,4,1851,5,6709,86,22,626,2023-05-16 19:14:32,0,NA,0,0,0,1,1,1,1,0,0,1,0,0,0,0,0,0,0,0,0,0,0,0,0,0,0,0
3853,"Trine 2: Complete Story",2013-06-05,FALSE,3.72,4,859,2,6709,84,4,562,2023-05-15 22:06:33,0,NA,0,0,1,1,0,0,0,1,1,1,0,0,0,0,0,0,0,0,0,0,0,0,0,0,0,0
13461,"Resident Evil 5",2009-03-03,FALSE,3.81,4,1449,5,6701,86,11,668,2023-05-14 09:35:20,4,"Mature",0,0,1,1,1,1,1,1,0,0,0,0,0,0,0,0,0,0,0,0,0,0,0,0,0,0
1256,"XCOM 2",2016-02-04,FALSE,4.09,4,1216,8,6699,88,15,636,2023-05-11 17:43:16,3,"Teen",0,0,1,1,0,0,0,1,1,1,0,0,0,0,0,0,0,0,0,0,0,0,0,0,0,0
9830,"Brawlhalla",2014-04-30,FALSE,3.22,4,997,5,6687,NA,2,378,2023-05-15 22:02:27,2,"Everyone 10+",0,0,1,1,0,0,1,1,0,1,1,0,1,0,0,0,0,0,0,0,0,0,0,0,0,0
13305,"Assassin’s Creed III",2012-10-30,FALSE,3.74,4,1943,12,6673,80,22,447,2023-05-17 20:20:53,4,"Mature",0,0,1,1,1,1,1,0,0,0,0,0,0,0,0,1,0,0,0,0,0,0,0,0,0,0
12024,"Insurgency",2014-01-22,FALSE,3.42,4,908,3,6671,74,4,549,2023-05-15 21:58:56,0,NA,0,0,0,1,0,0,0,0,1,1,0,0,0,0,0,0,0,0,0,0,0,0,0,0,0,0
4599,"Saints Row 2",2008-10-14,FALSE,3.56,4,834,2,6663,78,2,511,2023-05-16 08:27:20,4,"Mature",0,0,0,1,1,1,1,0,1,0,0,0,0,0,0,0,0,0,0,0,0,0,0,0,0,0
58777,"DOOM Eternal",2020-03-20,FALSE,4.37,5,1182,21,6637,86,12,658,2023-05-19 07:30:13,4,"Mature",1,0,1,1,0,0,1,1,0,0,0,0,0,0,0,0,0,0,0,0,0,0,0,0,0,0
11435,"Viscera Cleanup Detail: Shadow Warrior",2013-09-26,FALSE,2.58,3,551,0,6634,NA,2,463,2023-05-03 21:35:21,4,"Mature",0,0,0,1,0,0,0,0,0,1,0,0,0,0,0,0,0,0,0,0,0,0,0,0,0,0
58751,"Halo Infinite",2021-12-08,FALSE,3.69,4,593,9,6585,84,2,875,2023-05-14 21:12:18,3,"Teen",0,1,0,1,0,0,1,0,0,0,0,0,0,0,0,0,0,0,0,0,0,0,0,0,0,0
17959,"Ori and the Blind Forest: Definitive Edition",2016-04-27,FALSE,4.43,5,1541,18,6574,88,6,486,2023-05-16 20:45:48,1,"Everyone",0,0,0,1,0,1,1,1,0,0,0,0,0,0,0,0,0,0,0,0,0,0,0,0,0,0
4544,"Red Dead Redemption",2010-05-18,FALSE,4.43,5,1930,6,6559,95,7,440,2023-05-16 21:20:31,4,"Mature",0,0,0,0,1,1,1,0,0,0,0,0,0,0,0,0,0,0,0,0,0,0,0,0,0,0
3168,"SOMA",2015-09-21,FALSE,4.15,5,1300,8,6510,84,6,468,2023-05-15 19:49:49,4,"Mature",0,0,1,1,0,0,1,0,1,1,0,0,0,0,0,0,0,0,0,0,0,0,0,0,0,0
10560,"Total War: SHOGUN 2",2011-03-14,FALSE,3.59,4,566,1,6505,90,5,649,2023-05-14 09:01:19,0,NA,0,0,0,1,0,0,0,0,1,1,0,0,0,0,0,0,0,0,0,0,0,0,0,0,0,0
18613,"Counter-Strike: Condition Zero",2004-03-01,FALSE,3.14,3,753,1,6502,65,1,417,2023-05-18 19:50:32,0,NA,0,0,0,1,0,0,0,0,1,1,0,0,0,0,0,0,0,0,0,0,0,0,0,0,0,0
952,"Shadowrun Returns",2013-07-24,FALSE,3.49,4,684,1,6496,76,4,562,2023-05-07 06:44:32,0,NA,0,0,0,1,0,0,0,0,1,1,1,0,1,0,0,0,0,0,0,0,0,0,0,0,0,0
13268,"Amnesia: A Machine for Pigs",2013-09-09,FALSE,3.24,4,627,4,6483,72,2,337,2023-05-11 15:53:35,0,NA,0,0,0,1,0,0,0,0,1,1,0,0,0,0,0,0,0,0,0,0,0,0,0,0,0,0
10061,"Watch Dogs 2",2016-11-28,FALSE,3.84,4,1564,8,6483,79,17,553,2023-05-15 21:35:59,4,"Mature",0,0,1,1,0,0,1,0,0,0,0,0,0,0,0,0,0,0,0,0,0,0,0,0,0,0
3766,"Thief",2014-02-25,FALSE,3.25,3,1161,1,6470,70,5,653,2023-05-13 13:38:42,4,"Mature",0,0,1,1,1,1,1,0,0,1,0,0,0,0,0,0,0,0,0,0,0,0,0,0,0,0
906,"Call of Duty: Black Ops III",2015-11-06,FALSE,3.25,3,1379,3,6458,73,15,556,2023-05-16 19:14:23,4,"Mature",0,0,1,1,1,1,1,0,0,0,0,0,0,0,0,0,0,0,0,0,0,0,0,0,0,0
51325,"The Last of Us Part II",2020-06-19,FALSE,4.41,5,1626,57,6457,93,0,599,2023-05-15 17:37:35,4,"Mature",1,0,1,0,0,0,0,0,0,0,0,0,0,0,0,0,0,0,0,0,0,0,0,0,0,0
3740,"FEZ",2012-04-13,FALSE,3.99,4,1112,5,6442,91,2,154,2023-05-15 21:36:11,1,"Everyone",0,0,1,1,1,1,0,1,1,1,0,1,1,0,0,0,0,0,0,0,0,0,0,0,0,0
432,"Grand Theft Auto III",2001-10-22,FALSE,4.16,4,1455,7,6440,93,2,444,2023-05-16 12:12:12,4,"Mature",0,0,1,1,0,0,0,0,0,1,1,1,1,1,0,0,0,1,0,0,0,0,0,0,0,0
28202,"Wolfenstein II: The New Colossus",2017-10-25,FALSE,4.09,4,1588,12,6411,86,11,617,2023-05-11 17:45:19,4,"Mature",0,0,1,1,0,0,1,1,0,0,0,0,0,0,0,0,0,0,0,0,0,0,0,0,0,0
28492,"Dead Island",2011-09-06,FALSE,3.47,4,1251,4,6408,74,7,533,2023-05-16 12:12:09,4,"Mature",0,0,0,1,1,1,0,0,0,0,0,0,0,0,0,0,0,0,0,0,0,0,0,0,0,0
18272,"Magicka",2011-01-25,FALSE,3.81,4,1022,4,6396,74,5,596,2023-05-18 21:41:19,0,NA,0,0,0,1,0,0,0,0,0,0,1,0,0,0,0,0,0,0,0,0,0,0,0,0,0,0
3474,"Lara Croft and the Temple of Osiris",2014-12-08,FALSE,3.11,4,618,0,6384,73,2,646,2023-05-13 13:31:16,0,NA,0,0,1,1,0,0,1,0,0,0,0,0,0,0,0,0,0,0,0,0,0,0,0,0,0,0
262382,"Disco Elysium",2019-10-14,FALSE,4.43,5,984,7,6381,91,6,614,2023-05-15 17:37:21,4,"Mature",1,1,1,1,0,0,1,1,0,1,0,0,0,0,0,0,0,0,0,0,0,0,0,0,0,0
10548,"Darksiders Warmastered Edition",2016-11-29,FALSE,3.68,4,873,4,6357,79,5,655,2023-05-19 19:50:49,4,"Mature",0,0,1,1,0,0,1,1,0,0,0,0,0,0,0,1,0,0,0,0,0,0,0,0,0,0
19590,"Ori and the Blind Forest",2015-03-10,FALSE,4.4,5,1362,3,6355,88,6,526,2023-05-15 21:45:05,1,"Everyone",0,0,0,1,0,1,1,0,0,0,0,0,0,0,0,0,0,0,0,0,0,0,0,0,0,0
356714,"Among Us",2018-07-25,FALSE,3.85,4,1115,15,6342,82,4,142,2023-05-19 19:45:18,2,"Everyone 10+",0,0,0,1,0,0,1,1,0,0,1,0,1,0,0,0,0,0,0,0,0,0,0,0,0,0
1090,"This War of Mine",2014-11-14,FALSE,4.06,4,1115,2,6337,83,4,483,2023-05-11 15:52:40,4,"Mature",0,0,0,1,0,0,0,1,1,1,1,1,1,0,0,0,0,0,0,0,0,0,0,0,0,0
17352,"Killing Floor",2009-05-14,FALSE,3.44,4,788,1,6328,72,5,577,2023-05-16 08:27:25,0,NA,0,0,0,1,0,0,0,0,1,1,0,0,0,0,0,0,0,0,0,0,0,0,0,0,0,0
3990,"The Last Of Us",2013-06-14,FALSE,4.58,5,2846,24,6308,95,15,617,2023-05-18 22:20:19,4,"Mature",0,0,1,0,1,0,0,0,0,0,0,0,0,0,0,0,0,0,0,0,0,0,0,0,0,0
4639,"Dragon Age: Origins",2009-11-03,FALSE,4.4,5,1763,5,6229,91,8,644,2023-05-18 19:31:32,4,"Mature",0,0,0,1,1,1,1,0,0,1,0,0,0,0,0,0,0,0,0,0,0,0,0,0,0,0
865,"Call of Duty: Black Ops",2010-11-09,FALSE,4.03,4,1659,9,6227,81,9,676,2023-05-18 20:11:41,4,"Mature",0,0,0,1,1,1,1,0,0,1,0,0,1,0,0,0,0,0,0,0,1,1,0,0,0,0
5703,"Uncharted 3: Drake's Deception",2011-11-01,FALSE,4.37,5,1820,8,6217,92,12,640,2023-05-14 08:59:29,3,"Teen",0,0,1,0,1,0,0,0,0,0,0,0,0,0,0,0,0,0,0,0,0,0,0,0,0,0
3757,"South Park: The Stick of Truth",2014-03-04,FALSE,4.22,4,1529,8,6208,84,12,280,2023-05-18 21:41:27,4,"Mature",0,0,1,1,1,1,1,1,0,0,0,0,0,0,0,0,0,0,0,0,0,0,0,0,0,0
1358,"Papers, Please",2013-08-08,FALSE,4.36,5,1564,7,6195,85,4,233,2023-05-16 21:23:12,4,"Mature",0,0,0,1,0,0,0,0,1,1,1,1,1,0,0,0,0,0,0,0,0,0,0,0,0,0
2572,"DiRT Rally",2015-12-07,FALSE,3.7,4,637,1,6190,86,4,409,2023-05-15 22:03:47,0,NA,0,0,1,1,0,0,1,0,1,1,0,0,0,0,0,0,0,0,0,0,0,0,0,0,0,0
28172,"Kingdom Come: Deliverance",2018-02-13,FALSE,4.02,4,1241,9,6181,71,10,632,2023-05-18 20:08:09,4,"Mature",0,0,1,1,0,0,1,0,0,0,0,0,0,0,0,0,0,0,0,0,0,0,0,0,0,0
43877,"Quake Champions",2017-08-22,FALSE,3.26,4,961,2,6175,NA,2,322,2023-05-16 19:12:51,4,"Mature",0,0,0,1,0,0,0,0,0,0,0,0,0,0,0,0,0,0,0,0,0,0,0,0,0,0
3771,"Rayman Legends",2013-08-29,FALSE,4.16,4,1463,10,6157,89,5,478,2023-05-17 20:27:13,2,"Everyone 10+",0,0,1,1,1,1,1,1,0,0,0,1,0,0,0,1,0,0,0,0,0,0,0,0,0,0
10297,"Sid Meier’s Civilization VI",2016-10-20,FALSE,4.16,4,1244,7,6148,88,15,386,2023-05-16 12:12:07,2,"Everyone 10+",0,0,1,1,0,0,1,1,1,1,0,0,1,0,0,0,0,0,0,0,0,0,0,0,0,0
3015,"Chivalry: Medieval Warfare",2012-10-16,FALSE,3.4,4,793,2,6130,79,4,636,2023-05-11 15:54:40,0,NA,0,0,1,1,1,1,1,0,1,1,0,0,0,0,0,0,0,0,0,0,0,0,0,0,0,0
4013,"Call of Juarez: Gunslinger",2013-05-14,FALSE,3.8,4,719,4,6119,79,5,631,2023-05-15 16:06:36,0,NA,0,0,0,1,1,1,1,1,0,0,0,0,0,0,0,0,0,0,0,0,0,0,0,0,0,0
8146,"Assassin's Creed Unity",2014-11-11,FALSE,3.61,4,1525,16,6099,71,16,481,2023-05-17 20:19:22,4,"Mature",0,0,1,1,0,0,1,0,0,0,0,0,0,0,0,0,0,0,0,0,0,0,0,0,0,0
11726,"Dead Cells",2018-08-07,FALSE,4.25,4,1510,18,6091,88,10,336,2023-05-15 21:37:18,3,"Teen",0,0,1,1,0,0,1,1,1,1,0,0,1,0,0,0,0,0,0,0,0,0,0,0,0,0
4954,"Castle Crashers",2008-08-27,FALSE,3.9,4,1140,4,6076,84,4,455,2023-05-14 09:01:36,3,"Teen",0,0,0,1,1,1,0,1,0,1,0,0,0,0,0,0,0,0,0,0,0,0,0,0,0,0
857,"Halo: The Master Chief Collection",2014-11-11,FALSE,4.25,5,1016,4,6076,85,6,609,2023-05-13 13:31:55,0,NA,0,0,0,1,0,0,1,0,0,0,0,0,0,0,0,0,0,0,0,0,0,0,0,0,0,0
15859,"Star Wars: Knights of the Old Republic",2003-07-15,FALSE,4.39,5,1343,4,6071,88,2,510,2023-05-15 21:37:27,4,"Mature",0,0,0,1,0,1,1,1,0,1,1,0,1,1,0,0,0,0,0,0,0,0,0,0,0,0
3932,"The Bureau: XCOM Declassified",2013-08-20,FALSE,3.03,3,623,1,6065,66,3,507,2023-05-07 06:44:43,0,NA,0,0,0,1,1,1,0,0,0,1,0,0,0,0,0,0,0,0,0,0,0,0,0,0,0,0
56184,"Resident Evil 4 (2005)",2005-01-11,FALSE,4.39,5,1617,8,6061,83,5,487,2023-05-18 02:25:57,4,"Mature",0,0,0,1,0,0,0,0,0,0,1,0,1,0,0,0,0,1,0,0,0,1,1,0,0,0
19384,"The Binding of Isaac",2011-09-28,FALSE,3.9,4,1081,4,6055,84,5,159,2023-05-15 21:47:06,0,NA,0,0,0,1,0,0,0,0,0,1,0,0,0,0,0,0,0,0,0,0,0,0,0,0,0,0
1244,"Darkest Dungeon",2016-01-18,FALSE,4.2,4,1218,4,6030,84,8,508,2023-05-16 08:27:14,3,"Teen",0,0,1,1,0,0,1,1,1,1,0,1,0,0,0,0,0,0,0,0,0,0,0,0,0,0
10419,"Subnautica",2018-01-23,FALSE,4.24,5,1296,14,6025,83,10,838,2023-05-16 14:14:50,2,"Everyone 10+",1,1,1,1,0,0,1,1,0,1,0,0,0,0,0,0,0,0,0,0,0,0,0,0,0,0
18241,"DmC: Devil May Cry",2013-01-15,FALSE,4.02,4,1421,8,6024,85,6,1094,2023-05-15 21:37:40,4,"Mature",0,0,1,1,1,1,1,0,0,0,0,0,0,0,0,0,0,0,0,0,0,0,0,0,0,0
9475,"Don't Starve",2013-04-22,FALSE,3.86,4,1031,3,6024,79,4,414,2023-05-13 17:38:10,3,"Teen",0,0,1,1,1,0,1,0,1,1,0,1,0,0,0,1,0,0,0,0,0,0,0,0,0,0
4550,"Dead Space 2",2011-01-25,FALSE,4.36,5,1271,3,6013,87,5,648,2023-05-16 12:12:04,4,"Mature",0,0,0,1,1,1,1,0,0,0,0,0,0,0,0,0,0,0,0,0,0,0,0,0,0,0
28623,"Batman: Arkham City",2011-10-18,FALSE,4.42,5,1932,12,6005,94,20,606,2023-05-13 11:45:35,3,"Teen",0,0,1,1,1,1,1,0,0,1,0,0,0,0,0,1,0,0,0,0,0,0,0,0,0,0
5562,"Fallout 3",2008-10-28,FALSE,4.08,4,1761,6,5984,91,4,640,2023-05-15 21:37:54,4,"Mature",0,0,0,1,1,1,1,0,0,0,0,0,0,0,0,0,0,0,0,0,0,0,0,0,0,0
19542,"Half-Life: Blue Shift",2001-06-01,FALSE,3.72,4,681,2,5975,71,2,183,2023-05-11 15:56:37,4,"Mature",0,0,0,1,0,0,0,0,1,1,0,0,0,0,0,0,0,0,1,0,0,0,0,0,0,0
21265,"Half-Life: Opposing Force",1999-11-01,FALSE,3.85,4,667,1,5969,NA,3,255,2023-05-11 15:56:48,4,"Mature",0,0,0,1,0,0,0,0,1,1,0,0,0,0,0,0,0,0,0,0,0,0,0,0,0,0
6617,"Quantum Break",2016-04-05,FALSE,3.92,4,1209,13,5963,66,6,511,2023-05-12 10:28:55,4,"Mature",0,0,0,1,0,0,1,0,0,0,0,0,0,0,0,0,0,0,0,0,0,0,0,0,0,0
559,"Fallout Shelter",2015-06-15,FALSE,3.44,4,1360,3,5951,63,3,371,2023-05-18 21:41:43,3,"Teen",0,0,1,1,0,0,1,1,0,0,1,0,1,0,0,0,0,0,0,0,0,0,0,0,0,0
10073,"Divinity: Original Sin 2",2017-09-14,FALSE,4.4,5,1417,12,5936,95,21,321,2023-05-15 16:05:51,4,"Mature",0,0,1,1,0,0,1,1,0,0,0,0,0,0,0,0,0,0,0,0,0,0,0,0,0,0
22571,"Black Desert Online",2014-12-01,FALSE,2.98,3,548,0,5926,73,4,566,2023-05-15 21:47:39,3,"Teen",0,0,1,1,0,0,1,0,0,0,0,0,0,0,0,0,0,0,0,0,0,0,0,0,0,0
3486,"Syberia",2002-05-28,FALSE,3.93,4,724,4,5919,82,3,535,2023-05-08 22:08:41,3,"Teen",0,0,0,1,1,1,0,1,0,1,1,0,1,0,0,0,0,0,0,0,1,0,0,0,0,0
1774,"Grim Fandango Remastered",2015-01-26,FALSE,4,5,868,4,5887,84,5,551,2023-04-29 22:42:46,3,"Teen",0,0,1,1,0,0,1,1,1,1,1,1,1,0,0,0,0,0,0,0,0,0,0,0,0,0
59359,"A Plague Tale: Innocence",2019-05-13,FALSE,4.15,4,1281,22,5867,82,6,582,2023-05-19 19:45:28,4,"Mature",1,1,1,1,0,0,1,1,0,0,0,0,0,0,0,0,0,0,0,0,0,0,0,0,0,0
3028,"Beyond: Two Souls",2013-10-08,FALSE,3.78,4,1605,9,5845,73,4,502,2023-05-07 20:05:59,4,"Mature",0,0,1,1,1,0,0,0,0,0,0,0,0,0,0,0,0,0,0,0,0,0,0,0,0,0
3842,"Battlefield 4",2013-10-29,FALSE,3.93,4,1436,5,5841,81,6,641,2023-05-17 13:33:35,4,"Mature",0,0,1,1,1,1,1,0,0,0,0,0,0,0,0,0,0,0,0,0,0,0,0,0,0,0
1169,"Mafia III",2016-10-06,FALSE,3.14,3,1261,6,5839,62,10,504,2023-05-15 19:46:08,4,"Mature",0,0,1,1,0,0,1,0,0,1,0,0,0,0,0,0,0,0,0,0,0,0,0,0,0,0
326243,"Elden Ring",2022-02-25,FALSE,4.41,5,835,23,5821,95,59,571,2023-05-19 12:30:51,4,"Mature",1,1,1,1,0,0,1,0,0,0,0,0,0,0,0,0,0,0,0,0,0,0,0,0,0,0
42,"What Remains of Edith Finch",2017-04-23,FALSE,4.39,5,1830,16,5821,89,3,299,2023-05-18 19:32:09,3,"Teen",0,0,1,1,0,0,1,1,0,0,0,0,1,0,0,0,0,0,0,0,0,0,0,0,0,0
17126,"Torchlight II",2012-09-20,FALSE,3.84,4,1006,5,5811,88,10,534,2023-05-19 20:10:13,3,"Teen",0,0,1,1,0,0,1,1,1,1,0,0,0,0,0,0,0,0,0,0,0,0,0,0,0,0
21924,"Call of Duty: WWII",2017-11-03,FALSE,3.52,4,1067,10,5808,77,6,466,2023-05-11 15:50:08,4,"Mature",0,0,1,1,0,0,1,0,0,0,0,0,0,0,0,0,0,0,0,0,0,0,0,0,0,0
1959,"Goat Simulator",2014-04-01,FALSE,3.17,3,1095,2,5804,62,3,480,2023-05-15 21:40:42,0,NA,0,0,1,1,1,1,1,0,1,1,1,0,1,0,0,0,0,0,0,0,0,0,0,0,0,0
19365,"Homefront",2011-03-15,FALSE,2.95,3,752,5,5792,70,2,624,2023-05-16 12:12:00,4,"Mature",0,0,0,1,1,1,0,0,0,0,0,0,0,0,0,0,0,0,0,0,0,0,0,0,0,0
17875,"Guacamelee! Super Turbo Championship Edition",2014-07-01,FALSE,3.56,4,790,2,5785,86,3,416,2023-05-13 13:32:06,2,"Everyone 10+",0,0,1,1,0,1,1,1,0,0,0,0,0,0,0,1,0,0,0,0,0,0,0,0,0,0
2873,"The Witness",2016-01-25,FALSE,4.01,4,1199,10,5752,87,4,461,2023-05-15 19:48:19,0,NA,0,0,1,1,0,0,1,0,0,1,1,0,1,0,0,0,0,0,0,0,0,0,0,0,0,0
58755,"Devil May Cry 5",2019-03-08,FALSE,4.24,5,1375,17,5731,88,9,461,2023-05-18 12:48:05,4,"Mature",0,0,1,1,0,0,1,0,0,0,0,0,0,0,0,0,0,0,0,0,0,0,0,0,0,0
3892,"Sniper Elite V2",2012-05-01,FALSE,3.4,4,779,2,5716,66,4,701,2023-05-13 06:40:52,4,"Mature",0,0,0,1,1,1,0,1,0,0,0,0,0,0,0,1,0,0,0,0,0,0,0,0,0,0
14348,"Dying Light: The Following - Enhanced Edition",2015-01-26,FALSE,4.15,4,958,2,5710,87,17,677,2023-05-16 19:13:34,0,NA,0,0,1,1,0,0,1,0,1,1,0,0,0,0,0,0,0,0,0,0,0,0,0,0,0,0
2553,"Ratchet & Clank (2016)",2016-04-12,FALSE,4.05,4,1381,13,5709,85,18,507,2023-05-12 21:18:39,2,"Everyone 10+",0,0,1,0,0,0,0,0,0,0,0,0,0,0,0,0,0,0,0,0,0,0,0,0,0,0
7819,"SUPERHOT",2016-02-24,FALSE,4.21,4,1392,14,5707,82,4,172,2023-05-17 16:33:06,3,"Teen",0,0,1,1,0,0,1,1,1,1,0,0,0,0,1,0,0,0,0,0,0,0,0,0,0,0
2733,"Broforce",2015-10-15,FALSE,4,4,1222,7,5694,83,6,372,2023-05-15 22:04:18,0,NA,0,0,1,1,0,0,0,1,1,1,0,0,0,0,0,0,0,0,0,0,0,0,0,0,0,0
492,"Yakuza 0",2015-03-12,FALSE,4.37,5,987,12,5693,85,8,468,2023-05-16 19:15:58,4,"Mature",0,0,1,1,1,0,1,0,0,0,0,0,0,0,0,0,0,0,0,0,0,0,0,0,0,0
16112,"Sleeping Dogs: Definitive Edition",2014-10-08,FALSE,4.13,4,1045,5,5684,76,6,628,2023-05-16 12:11:58,4,"Mature",0,0,1,1,0,0,1,0,0,1,0,0,0,0,0,0,0,0,0,0,0,0,0,0,0,0
624,"FTL: Faster Than Light",2012-09-14,FALSE,4.26,5,894,3,5675,84,6,429,2023-05-13 20:33:55,2,"Everyone 10+",0,0,0,1,0,0,0,0,1,1,0,0,1,0,0,0,0,0,0,0,0,0,0,0,0,0
3631,"inFAMOUS Second Son",2014-03-21,FALSE,3.9,4,1553,8,5654,80,0,633,2023-05-11 17:44:01,3,"Teen",0,0,1,0,0,0,0,0,0,0,0,0,0,0,0,0,0,0,0,0,0,0,0,0,0,0
11276,"Call of Duty: Modern Warfare 3",2011-11-08,FALSE,3.76,4,1459,3,5640,85,8,651,2023-05-18 20:12:03,4,"Mature",0,0,0,1,1,1,1,0,0,1,0,0,1,0,0,0,0,0,0,0,0,1,0,0,0,0
15834,"The Walking Dead: Season 2",2013-12-16,FALSE,4.04,4,1358,3,5637,80,10,617,2023-05-16 22:29:54,4,"Mature",0,0,1,1,1,1,1,1,0,1,1,1,1,0,0,0,0,0,0,0,0,0,0,0,0,0
28559,"Dragon Age: Inquisition",2014-11-18,FALSE,3.79,4,1419,4,5636,86,4,672,2023-05-17 17:54:50,4,"Mature",0,0,1,1,1,1,1,0,0,0,0,0,0,0,0,0,0,0,0,0,0,0,0,0,0,0
16113,"Sleeping Dogs",2012-08-14,FALSE,4.13,4,1218,3,5631,81,14,636,2023-05-16 16:07:25,4,"Mature",0,0,0,1,1,1,0,0,0,0,0,0,0,0,0,0,0,0,0,0,0,0,0,0,0,0
4440,"Deus Ex: Human Revolution",2011-08-22,FALSE,4.36,5,1437,8,5627,89,17,507,2023-05-18 19:45:26,4,"Mature",0,0,0,1,1,1,1,0,0,1,0,0,0,0,0,0,0,0,0,0,0,0,0,0,0,0
2728,"Tom Clancy’s The Division",2016-03-07,FALSE,3.7,4,1273,3,5583,80,27,651,2023-05-14 08:15:27,4,"Mature",0,0,1,1,0,0,1,0,0,0,0,0,0,0,0,0,0,0,0,0,0,0,0,0,0,0
29338,"Days Gone",2019-04-26,FALSE,3.93,4,1144,10,5579,74,9,640,2023-05-13 17:40:27,4,"Mature",0,0,1,1,0,0,0,0,0,0,0,0,0,0,0,0,0,0,0,0,0,0,0,0,0,0
2623,"Resident Evil 6",2012-10-02,FALSE,3.42,4,1152,9,5579,67,8,615,2023-05-15 14:25:46,4,"Mature",0,0,1,1,1,1,1,1,0,0,0,0,0,0,1,0,0,0,0,0,0,0,0,0,0,0
3408,"Hotline Miami 2: Wrong Number",2015-03-09,FALSE,4.27,5,1185,5,5578,72,7,231,2023-05-16 18:58:28,4,"Mature",0,0,1,1,1,0,0,1,1,1,1,1,1,0,0,0,0,0,0,0,0,0,0,0,0,0
5159,"Resident Evil 2 (1998)",1998-01-21,FALSE,4.33,5,852,2,5541,90,12,593,2023-05-14 09:35:12,4,"Mature",0,0,0,1,0,0,0,0,0,0,0,0,0,0,0,0,0,0,1,0,0,0,1,1,1,0
274762,"The Outer Worlds",2019-10-25,FALSE,3.88,4,1326,24,5526,80,7,425,2023-05-19 20:08:58,0,NA,0,0,1,1,0,0,1,1,0,0,0,0,0,0,0,0,0,0,0,0,0,0,0,0,0,0
58753,"Forza Horizon 4",2018-10-02,FALSE,4.37,5,1486,10,5515,90,13,447,2023-05-16 21:21:01,1,"Everyone",0,1,0,1,0,0,1,0,0,0,0,0,0,0,0,0,0,0,0,0,0,0,0,0,0,0
16209,"Kingdom: Classic",2015-09-21,FALSE,3.38,4,539,0,5515,74,4,395,2023-05-15 21:47:41,0,NA,0,0,0,1,0,0,0,0,1,1,0,0,0,0,0,0,0,0,0,0,0,0,0,0,0,0
16343,"A Story About My Uncle",2014-05-27,FALSE,3.16,4,606,2,5470,73,3,477,2023-05-13 13:32:36,2,"Everyone 10+",0,0,0,1,0,0,0,0,1,1,0,0,0,0,0,0,0,0,0,0,0,0,0,0,0,0
4101,"Bayonetta",2009-06-23,FALSE,4.3,5,1072,7,5468,90,5,690,2023-05-12 21:24:51,4,"Mature",0,0,1,1,1,1,1,1,0,0,0,0,0,0,0,1,0,0,0,0,0,0,0,0,0,0
3209,"Until Dawn",2015-08-25,FALSE,4.1,4,1618,11,5465,79,14,520,2023-05-11 17:44:07,4,"Mature",0,0,1,0,1,0,0,0,0,0,0,0,0,0,0,0,0,0,0,0,0,0,0,0,0,0
13194,"To the Moon",2011-01-10,FALSE,4.28,5,1034,2,5452,81,4,315,2023-05-11 17:53:50,1,"Everyone",0,0,0,1,0,0,0,1,1,1,1,0,1,0,0,0,0,0,0,0,0,0,0,0,0,0
750,"FINAL FANTASY XV",2016-11-29,FALSE,3.88,4,1336,13,5442,82,5,524,2023-05-16 18:58:52,3,"Teen",0,0,1,1,0,0,1,0,0,0,0,0,0,0,0,0,0,0,0,0,0,0,0,0,0,0
4573,"PAYDAY The Heist",2011-10-18,FALSE,3.33,4,735,4,5439,76,4,566,2023-05-15 22:06:39,5,"Adults Only",0,0,0,1,1,0,0,0,0,0,0,0,0,0,0,0,0,0,0,0,0,0,0,0,0,0
18336,"Alan Wake's American Nightmare",2012-02-22,FALSE,3.4,4,758,2,5438,73,3,452,2023-05-18 20:39:36,0,NA,0,0,0,1,0,1,1,0,0,0,0,0,0,0,0,0,0,0,0,0,0,0,0,0,0,0
28199,"Ori and the Will of the Wisps",2020-03-10,FALSE,4.47,5,1070,12,5435,91,11,415,2023-05-15 21:45:32,1,"Everyone",0,1,0,1,0,0,1,1,0,0,0,0,0,0,0,0,0,0,0,0,0,0,0,0,0,0
2115,"Overcooked",2016-08-01,FALSE,4.08,4,1262,7,5412,81,4,323,2023-05-19 20:01:29,1,"Everyone",0,0,1,1,0,0,1,1,0,0,0,0,0,0,0,0,0,0,0,0,0,0,0,0,0,0
14446,"Call of Duty: Black Ops II",2012-11-13,FALSE,3.95,4,1272,4,5392,74,6,596,2023-05-16 19:13:44,4,"Mature",0,0,0,1,1,1,1,0,0,0,0,0,0,0,0,1,0,0,0,0,0,0,0,0,0,0
4123,"Batman: Arkham Asylum",2009-08-25,FALSE,4.42,5,2062,16,5389,91,12,630,2023-05-13 11:30:47,3,"Teen",0,0,1,1,1,1,1,0,0,1,0,0,0,0,0,0,0,0,0,0,0,0,0,0,0,0
23322,"Surviving Mars",2018-03-14,FALSE,3.49,4,425,0,5378,75,4,246,2023-05-19 20:06:42,2,"Everyone 10+",0,0,1,1,0,0,1,0,1,1,0,0,0,0,0,0,0,0,0,0,0,0,0,0,0,0
12756,"Warhammer 40,000: Space Marine",2011-09-05,FALSE,3.45,4,673,1,5362,74,5,698,2023-05-11 17:47:47,5,"Adults Only",0,0,0,1,1,1,0,0,0,0,0,0,0,0,0,0,0,0,0,0,0,0,0,0,0,0
22781,"Syberia 2",2004-03-28,FALSE,3.9,4,512,0,5358,80,5,580,2023-05-08 22:09:09,3,"Teen",0,0,0,1,1,1,0,1,0,1,1,0,1,1,0,0,0,1,0,0,0,0,0,0,0,0
11686,"POSTAL 2",2003-04-13,FALSE,3.89,4,930,3,5353,59,4,455,2023-05-16 12:11:50,5,"Adults Only",0,0,0,1,0,0,0,0,1,1,0,0,0,0,0,0,0,0,0,0,0,0,0,0,0,0
28152,"STAR WARS Battlefront II",2017-11-17,FALSE,3.57,4,1252,10,5349,74,5,575,2023-05-12 21:23:02,3,"Teen",0,0,1,1,0,0,1,0,0,0,0,0,0,0,0,0,0,0,0,0,0,0,0,0,0,0
22511,"The Legend of Zelda: Breath of the Wild",2017-03-03,FALSE,4.55,5,2699,41,5343,97,121,298,2023-05-17 14:22:10,2,"Everyone 10+",0,0,0,0,0,0,0,1,0,0,0,0,0,0,0,1,0,0,0,0,0,0,0,0,0,0
14512,"Age of Wonders III",2014-03-31,FALSE,2.94,4,420,0,5318,80,4,527,2023-05-15 21:49:13,0,NA,0,0,0,1,0,0,0,0,1,1,0,0,0,0,0,0,0,0,0,0,0,0,0,0,0,0
42895,"Assassin's Creed Syndicate",2015-10-13,FALSE,3.68,4,1360,9,5289,74,23,661,2023-05-17 20:19:50,4,"Mature",0,0,1,1,0,0,1,0,0,0,0,0,0,0,0,0,0,0,0,0,0,0,0,0,0,0
306124,"Borderlands Game of the Year Enhanced",2019-04-03,FALSE,3.8,4,958,4,5284,78,3,683,2023-05-13 13:40:35,4,"Mature",0,0,1,1,0,0,1,0,0,0,0,0,0,0,0,0,0,0,0,0,0,0,0,0,0,0
3371,"Dark Souls II: Scholar of the First Sin",2015-04-01,FALSE,4.14,4,1064,3,5264,79,24,694,2023-05-18 21:42:06,4,"Mature",0,0,1,1,0,0,1,0,0,0,0,0,0,0,0,0,0,0,0,0,0,0,0,0,0,0
14962,"Dark Souls: Prepare To Die Edition",2012-08-23,FALSE,4.35,5,1181,4,5258,85,14,665,2023-05-18 21:42:11,4,"Mature",0,0,0,1,1,1,0,0,0,0,0,0,0,0,0,0,0,0,0,0,0,0,0,0,0,0
9609,"Euro Truck Simulator 2",2012-10-19,FALSE,4.1,4,786,3,5256,79,11,447,2023-05-15 22:06:18,1,"Everyone",0,0,0,1,0,0,0,0,1,1,0,0,0,0,0,0,0,0,0,0,0,0,0,0,0,0
4094,"Metal Gear Rising: Revengeance",2013-02-19,FALSE,4.23,4,1104,5,5242,83,6,647,2023-05-16 18:59:26,4,"Mature",0,0,0,1,1,1,1,0,0,0,1,0,0,0,0,0,0,0,0,0,0,0,0,0,0,0
20406,"Team Fortress Classic",1999-04-01,FALSE,2.95,4,353,1,5238,NA,1,250,2023-05-11 15:56:51,0,NA,0,0,0,1,0,0,0,0,1,1,0,0,0,0,0,0,0,0,0,0,0,0,0,0,0,0
752,"SMITE",2015-08-19,FALSE,3.07,3,747,0,5235,83,3,643,2023-05-16 19:12:18,0,NA,0,0,1,1,0,0,1,1,0,1,0,0,0,0,0,0,0,0,0,0,0,0,0,0,0,0
18183,"Company of Heroes",2006-09-11,FALSE,3.65,4,529,4,5205,93,7,434,2023-05-18 14:11:08,0,NA,0,0,0,1,0,0,0,0,0,0,0,0,1,0,0,0,0,0,0,0,0,0,0,0,0,0
13913,"Deus Ex: Game of the Year Edition",2000-06-22,FALSE,4.13,5,525,0,5181,90,1,411,2023-05-16 12:11:49,4,"Mature",0,0,0,1,1,0,0,0,0,1,0,0,0,0,0,0,0,1,0,0,0,0,0,0,0,0
5193,"Oddworld: Abe's Oddysee",1997-09-19,FALSE,3.53,4,531,2,5160,NA,3,535,2023-05-16 21:31:53,3,"Teen",1,0,1,1,0,0,0,0,0,0,0,0,0,0,0,0,0,0,0,0,0,0,0,0,1,0
58617,"Borderlands 3",2019-09-13,FALSE,3.9,4,787,12,5123,83,10,935,2023-05-19 19:48:02,4,"Mature",1,1,1,1,0,0,1,0,0,0,0,0,0,0,0,0,0,0,0,0,0,0,0,0,0,0
19569,"Hitman: Blood Money",2006-05-29,FALSE,4.3,5,942,1,5118,82,2,478,2023-05-19 16:32:41,0,NA,0,0,1,1,1,1,0,0,0,0,0,0,0,1,0,0,0,1,0,0,0,0,0,0,0,0
50778,"A Way Out",2018-03-23,FALSE,4.12,4,1399,18,5115,78,5,492,2023-05-17 17:56:20,4,"Mature",0,0,1,1,0,0,1,0,0,0,0,0,0,0,0,0,0,0,0,0,0,0,0,0,0,0
42187,"The Sims 4",2014-09-02,FALSE,3.68,4,966,6,5095,67,3,443,2023-05-17 17:55:59,3,"Teen",0,1,1,1,0,0,1,0,0,1,0,0,0,0,0,0,0,0,0,0,0,0,0,0,0,0
58550,"Ghost of Tsushima",2020-07-17,FALSE,4.46,5,840,17,5087,83,0,444,2023-05-15 17:37:24,4,"Mature",1,0,1,0,0,0,0,0,0,0,0,0,0,0,0,0,0,0,0,0,0,0,0,0,0,0
18614,"Half-Life: Source",2004-06-01,FALSE,3.77,4,512,4,5083,NA,1,224,2023-05-16 12:11:41,4,"Mature",0,0,0,1,0,0,0,0,1,1,0,0,0,0,0,0,0,0,0,0,0,0,0,0,0,0
15426,"Black Mesa",2020-03-06,FALSE,4.34,5,927,5,5075,86,6,516,2023-05-16 16:07:21,0,NA,0,0,0,1,0,0,0,0,1,0,0,0,0,0,0,0,0,0,0,0,0,0,0,0,0,0
22121,"Celeste",2018-01-25,FALSE,4.42,5,1490,35,5074,91,6,629,2023-05-16 18:59:56,2,"Everyone 10+",0,0,1,1,0,0,1,1,1,1,0,0,0,0,0,0,0,0,0,0,0,0,0,0,0,0
5578,"Race Driver: Grid",2008-06-03,FALSE,3.63,4,494,0,5054,87,1,404,2023-05-08 13:48:08,0,NA,0,0,0,1,1,1,1,0,0,0,0,0,0,0,0,0,0,0,0,0,1,0,0,0,0,0
13247,"Human: Fall Flat",2016-07-22,FALSE,3.83,4,932,5,5038,70,5,219,2023-05-13 13:35:49,1,"Everyone",0,0,1,1,0,0,1,1,1,1,1,0,1,0,0,0,0,0,0,0,0,0,0,0,0,0
2597,"LEGO The Lord of the Rings",2012-09-28,FALSE,3.5,4,563,2,5037,80,2,537,2023-05-11 17:53:25,2,"Everyone 10+",0,0,0,1,1,1,0,0,0,0,1,1,1,0,0,0,1,0,0,0,1,1,0,0,0,0
3368,"Titan Souls",2015-04-13,FALSE,3.36,4,486,2,5032,74,1,300,2023-05-13 13:37:16,0,NA,0,0,1,1,0,0,0,0,0,1,0,1,0,0,0,0,0,0,0,0,0,0,0,0,0,0
14016,"Tropico 4",2011-08-24,FALSE,3.48,4,486,0,5026,78,4,523,2023-04-19 16:11:50,0,NA,0,0,0,1,0,1,1,0,0,1,0,0,0,0,0,0,0,0,0,0,0,0,0,0,0,0
9671,"Rust",2018-02-09,FALSE,3.39,4,771,2,5015,66,13,487,2023-05-15 22:04:37,4,"Mature",0,0,1,1,0,0,1,0,1,1,0,0,0,0,0,0,0,0,0,0,0,0,0,0,0,0
11312,"The Long Dark",2014-09-22,FALSE,3.92,4,763,2,5014,76,5,385,2023-05-19 20:08:27,3,"Teen",0,0,1,1,0,0,1,1,1,1,0,0,0,0,0,0,0,0,0,0,0,0,0,0,0,0
30899,"Mafia: The City of Lost Heaven",2002-08-28,FALSE,4.38,5,1137,4,5007,88,2,424,2023-05-15 21:47:34,4,"Mature",0,0,0,1,0,0,0,0,0,0,0,0,0,1,0,0,0,1,0,0,0,0,0,0,0,0
17857,"S.T.A.L.K.E.R.: Shadow of Chernobyl",2007-03-19,FALSE,4.3,5,1161,1,4999,82,3,585,2023-05-18 20:11:10,5,"Adults Only",0,0,0,1,0,0,0,0,0,0,0,0,0,0,0,0,0,0,0,0,0,0,0,0,0,0
9793,"Guns of Icarus Online",2012-09-30,FALSE,2.6,3,388,0,4998,64,4,522,2023-05-15 21:49:02,0,NA,0,0,0,1,0,0,0,0,1,1,0,0,0,0,0,0,0,0,0,0,0,0,0,0,0,0
250,"The Binding of Isaac: Rebirth",2014-11-03,FALSE,4.33,5,1053,7,4996,86,32,197,2023-05-11 17:51:46,4,"Mature",0,0,1,1,0,0,1,1,1,1,0,1,1,0,0,1,1,0,0,0,0,0,0,0,0,0
17803,"Ryse: Son of Rome",2013-11-22,FALSE,3.57,4,879,7,4994,61,6,719,2023-05-16 12:11:36,4,"Mature",0,0,0,1,0,0,1,0,0,0,0,0,0,0,0,0,0,0,0,0,0,0,0,0,0,0
9966,"Dead by Daylight",2016-06-14,FALSE,3.49,4,867,9,4984,72,8,1051,2023-05-16 12:49:25,4,"Mature",1,0,1,1,0,0,1,1,0,0,0,0,0,0,0,0,0,0,0,0,0,0,0,0,0,0
45821,"Frostpunk",2018-04-24,FALSE,4.18,4,887,8,4983,85,6,372,2023-05-13 20:32:58,4,"Mature",0,0,1,1,0,0,1,1,0,0,0,0,0,0,0,0,0,0,0,0,0,0,0,0,0,0
3346,"Wolfenstein: The Old Blood",2015-05-04,FALSE,4,4,1027,5,4983,76,7,675,2023-05-11 15:52:24,0,NA,0,0,1,1,0,0,1,0,0,0,0,0,0,0,0,0,0,0,0,0,0,0,0,0,0,0
9600,"The Forest",2018-04-30,FALSE,3.76,4,770,3,4982,NA,8,406,2023-05-15 22:06:13,4,"Mature",0,0,1,1,0,0,0,0,0,0,0,0,0,0,0,0,0,0,0,0,0,0,0,0,0,0
5161,"Braid",2008-08-06,FALSE,4.17,5,932,5,4963,92,2,516,2023-05-01 08:17:40,2,"Everyone 10+",0,0,0,1,1,1,1,0,1,1,0,0,1,0,0,0,0,0,0,0,0,0,0,0,0,0
16359,"Divinity: Original Sin - Enhanced Edition",2015-10-27,FALSE,4.28,5,932,4,4959,94,8,404,2023-05-15 19:48:50,4,"Mature",0,0,1,1,0,0,1,0,1,1,0,0,0,0,0,0,0,0,0,0,0,0,0,0,0,0
15274,"Jotun: Valhalla Edition",2015-09-29,FALSE,3.07,4,486,3,4959,79,3,459,2023-05-19 19:57:16,3,"Teen",0,0,1,1,0,0,1,1,1,1,0,0,0,0,0,0,0,0,0,0,0,0,0,0,0,0
10449,"Darksiders II Deathinitive Edition",2015-11-05,FALSE,3.79,4,616,4,4959,75,9,711,2023-05-19 19:50:30,0,NA,0,0,1,1,0,0,1,1,0,0,0,0,0,0,0,0,0,0,0,0,0,0,0,0,0,0
17380,"Sid Meier's Civilization III Complete",2001-10-29,FALSE,3.67,4,442,0,4958,90,1,507,2023-05-16 08:03:18,1,"Everyone",0,0,0,1,0,0,0,0,0,0,0,0,0,0,0,0,0,0,0,0,0,0,0,0,0,0
4179,"Darksiders II",2012-08-14,FALSE,3.75,4,923,2,4948,83,5,705,2023-04-29 22:06:21,4,"Mature",0,0,0,1,1,1,0,1,0,0,0,0,0,0,0,1,0,0,0,0,0,0,0,0,0,0
5687,"The Playroom",2013-11-15,FALSE,2.28,1,771,0,4941,NA,0,107,2023-04-29 16:46:37,2,"Everyone 10+",0,0,1,0,0,0,0,0,0,0,0,0,0,0,0,0,0,0,0,0,0,0,0,0,0,0
13628,"Dear Esther: Landmark Edition",2017-02-14,FALSE,3.36,4,404,3,4939,NA,1,354,2023-05-15 16:06:34,0,NA,0,0,1,1,0,0,1,0,0,1,0,0,0,0,0,0,0,0,0,0,0,0,0,0,0,0
14062,"Red Orchestra 2: Heroes of Stalingrad with Rising Storm",2011-09-13,FALSE,3.25,4,417,0,4923,76,4,580,2023-05-06 06:04:18,0,NA,0,0,0,1,0,0,0,0,0,0,0,0,0,0,0,0,0,0,0,0,0,0,0,0,0,0
3427,"Murdered: Soul Suspect",2014-06-03,FALSE,3.46,4,909,4,4919,59,5,591,2023-05-15 19:52:16,4,"Mature",0,0,1,1,1,1,1,0,0,0,0,0,0,0,0,0,0,0,0,0,0,0,0,0,0,0
50781,"Sea of Thieves",2018-03-20,FALSE,3.69,4,961,9,4916,68,11,456,2023-05-16 22:53:39,3,"Teen",0,1,0,1,0,0,1,0,0,0,0,0,0,0,0,0,0,0,0,0,0,0,0,0,0,0
15858,"Star Wars: Knights of the Old Republic II – The Sith Lords",2004-12-06,FALSE,4.38,5,846,3,4906,85,4,517,2023-05-13 11:29:54,3,"Teen",0,0,0,1,0,1,0,1,1,1,1,0,0,1,0,0,0,0,0,0,0,0,0,0,0,0
3554,"The Evil Within",2014-10-12,FALSE,3.96,4,1033,5,4901,68,7,596,2023-05-10 10:15:54,4,"Mature",0,0,1,1,1,1,1,0,0,0,0,0,0,0,0,0,0,0,0,0,0,0,0,0,0,0
2166,"Game of Thrones - A Telltale Games Series",2014-12-02,FALSE,3.21,4,933,2,4899,66,7,663,2023-05-02 15:48:14,5,"Adults Only",0,0,1,1,1,1,1,0,0,1,1,0,1,0,0,0,0,0,0,0,0,0,0,0,0,0
9653,"Hacknet",2015-08-11,FALSE,3.17,4,452,3,4890,82,3,176,2023-05-11 08:54:18,4,"Mature",0,0,0,1,0,0,0,0,1,1,0,0,0,0,0,0,0,0,0,0,0,0,0,0,0,0
2047,"Lords of the Fallen",2014-10-28,FALSE,2.93,3,839,4,4890,73,4,678,2023-05-07 06:35:04,4,"Mature",0,0,1,1,0,0,1,0,0,0,1,0,1,0,0,0,0,0,0,0,0,0,0,0,0,0
3912,"Sanctum 2",2013-05-15,FALSE,2.95,3,375,0,4882,77,3,514,2023-05-13 13:39:20,3,"Teen",0,0,0,1,1,1,0,0,1,1,0,0,0,0,0,0,0,0,0,0,0,0,0,0,0,0
2518,"Max Payne",2001-07-23,FALSE,4.46,5,1757,13,4881,89,2,428,2023-05-18 19:30:30,4,"Mature",0,0,1,1,1,1,0,0,0,0,0,1,0,1,0,0,0,1,0,1,0,0,0,0,0,0
46956,"Doki Doki Literature Club!",2017-09-22,FALSE,4.06,4,1146,18,4871,78,3,217,2023-05-18 04:34:21,0,NA,0,0,0,1,0,0,0,0,1,1,0,0,0,0,0,0,0,0,0,0,0,0,0,0,0,0
12320,"Prison Architect",2015-10-05,FALSE,3.72,4,538,0,4868,83,5,346,2023-05-11 17:53:03,4,"Mature",0,0,1,1,0,0,1,1,1,1,0,0,0,0,0,0,0,0,0,0,0,0,0,0,0,0
894,"Destiny",2014-09-09,FALSE,3.69,4,1026,3,4863,76,24,649,2023-05-13 11:44:22,3,"Teen",0,0,1,0,1,1,1,0,0,0,0,0,0,0,0,0,0,0,0,0,0,0,0,0,0,0
11974,"Mark of the Ninja",2012-09-07,FALSE,3.98,4,733,5,4858,91,5,479,2023-05-13 13:40:07,4,"Mature",0,0,0,1,0,1,0,1,1,1,0,0,0,0,0,0,0,0,0,0,0,0,0,0,0,0
10001,"Serious Sam Fusion 2017 (beta)",2017-03-20,FALSE,3.07,4,314,0,4829,NA,1,543,2023-05-16 12:11:26,0,NA,0,0,0,1,0,0,0,0,1,1,0,0,0,0,0,0,0,0,0,0,0,0,0,0,0,0
4729,"Assassin's Creed",2007-11-13,FALSE,3.89,4,1749,16,4822,80,5,592,2023-05-18 19:51:49,4,"Mature",0,0,0,1,1,1,1,0,0,0,0,0,0,0,0,0,0,0,0,0,0,0,0,0,0,0
3449,"Resident Evil",1996-03-22,FALSE,4.19,5,734,3,4819,91,4,529,2023-05-18 21:50:41,4,"Mature",0,0,1,1,1,1,1,1,0,0,0,0,0,0,0,0,0,0,0,0,0,0,1,0,1,0
14690,"Trine Enchanted Edition",2009-07-02,FALSE,3.83,4,687,7,4816,80,4,479,2023-05-11 17:54:34,0,NA,0,0,1,1,0,0,0,1,1,1,0,0,0,0,0,0,0,0,0,0,0,0,0,0,0,0
274480,"Mortal Kombat 11",2019-04-22,FALSE,3.98,4,994,8,4800,82,9,464,2023-05-18 20:11:04,4,"Mature",1,1,1,1,0,0,1,1,0,0,0,0,0,0,0,0,0,0,0,0,0,0,0,0,0,0
53341,"Jet Set Radio",2000-06-29,FALSE,3.42,4,492,3,4795,94,1,319,2023-04-19 16:14:22,3,"Teen",0,0,0,1,1,1,0,0,0,0,1,1,1,0,0,0,0,0,1,0,0,0,0,0,0,1
19375,"Far Cry 3: Blood Dragon",2013-04-30,FALSE,4.01,4,1011,4,4792,81,4,490,2023-05-17 20:26:12,4,"Mature",0,0,0,1,1,1,1,0,0,0,0,0,0,0,0,0,0,0,0,0,0,0,0,0,0,0
817974,"Wallpaper Engine",2016-10-10,FALSE,4.22,5,128,0,4781,NA,12,103,2023-05-15 22:00:46,0,NA,0,0,0,1,0,0,0,0,0,0,1,0,0,0,0,0,0,0,0,0,0,0,0,0,0,0
3647,"Child of Light",2014-04-29,FALSE,3.87,4,920,5,4772,77,3,634,2023-05-13 11:44:31,2,"Everyone 10+",0,0,1,1,1,1,1,1,0,0,0,1,0,0,0,1,0,0,0,0,0,0,0,0,0,0
259801,"Final Fantasy VII",2020-04-10,FALSE,4.37,5,703,21,4752,87,0,613,2023-05-15 21:16:47,3,"Teen",1,0,1,1,0,0,0,0,0,0,0,0,0,0,0,0,0,0,0,0,0,0,0,0,0,0
51610,"Dark Souls: Remastered",2018-05-23,FALSE,4.47,5,1255,10,4750,84,13,353,2023-05-18 21:42:35,0,NA,0,0,1,1,0,0,1,1,0,0,0,0,0,0,0,0,0,0,0,0,0,0,0,0,0,0
3697,"Serious Sam 3: BFE",2011-11-22,FALSE,3.46,4,703,1,4744,72,4,548,2023-05-11 17:54:00,4,"Mature",0,0,0,1,1,1,0,0,1,1,0,0,0,0,0,0,0,0,0,0,0,0,0,0,0,0
678,"Neverwinter",2013-06-20,FALSE,2.94,3,601,3,4743,74,6,662,2023-05-19 20:01:11,3,"Teen",0,0,1,1,0,0,1,0,0,0,0,0,0,0,0,0,0,0,0,0,0,0,0,0,0,0
58813,"Resident Evil 2",2019-01-25,FALSE,4.48,5,1907,20,4732,91,11,519,2023-05-19 07:44:31,4,"Mature",1,0,1,1,0,0,1,1,0,0,0,0,0,0,0,0,0,0,0,0,0,0,0,0,0,0
10092,"Minion Masters",2019-05-24,FALSE,2.33,1,359,1,4729,NA,5,438,2023-05-15 16:06:33,0,NA,0,0,0,1,0,0,1,0,0,0,0,0,0,0,0,0,0,0,0,0,0,0,0,0,0,0
10090,"Beholder",2016-11-08,FALSE,3.81,4,621,2,4716,75,4,340,2023-05-15 21:45:55,3,"Teen",0,0,1,1,0,0,1,1,1,1,1,0,1,0,0,0,0,0,0,0,0,0,0,0,0,0
12569,"Starbound",2016-07-22,FALSE,3.84,4,779,1,4715,81,16,369,2023-05-11 17:52:44,0,NA,0,0,0,1,0,0,0,0,1,1,0,0,0,0,0,0,0,0,0,0,0,0,0,0,0,0
14317,"Endless Space - Collection",2012-07-04,FALSE,3.12,4,344,0,4711,77,5,300,2023-05-01 13:56:11,0,NA,0,0,0,1,0,0,0,0,0,1,0,0,0,0,0,0,0,0,0,0,0,0,0,0,0,0
19299,"Fallout 2",1998-09-30,FALSE,4.36,5,1052,4,4710,86,2,501,2023-05-18 19:32:01,4,"Mature",0,0,0,1,0,0,0,0,0,1,0,0,0,0,0,0,0,0,0,0,0,0,0,0,0,0
670682,"Counter-Strike: Condition Zero Deleted Scenes",2004-03-23,FALSE,2.84,3,133,2,4699,NA,1,194,2023-05-11 15:56:53,4,"Mature",0,0,0,1,0,0,0,0,1,1,0,0,0,0,0,0,0,0,0,0,0,0,0,0,0,0
2574,"Enter the Gungeon",2016-04-04,FALSE,4.09,4,978,8,4698,84,7,262,2023-05-17 20:44:15,3,"Teen",0,0,1,1,0,0,1,1,1,1,0,0,0,0,0,0,0,0,0,0,0,0,0,0,0,0
3350,"Broken Age",2014-01-28,FALSE,3.65,4,667,5,4688,81,5,519,2023-05-09 07:23:24,0,NA,0,0,1,1,0,0,1,1,1,1,1,1,1,0,0,0,0,0,0,0,0,0,0,0,0,0
19452,"F.E.A.R.",2005-10-18,FALSE,4.27,4,918,5,4678,88,2,626,2023-05-16 12:11:14,5,"Adults Only",0,0,0,1,1,1,0,0,0,0,0,0,0,0,0,0,0,0,0,0,0,0,0,0,0,0
4000,"Remember Me",2013-06-04,FALSE,3.66,4,878,7,4670,65,5,575,2023-05-17 12:19:06,4,"Mature",0,0,0,1,1,1,0,0,0,0,0,0,0,0,0,0,0,0,0,0,0,0,0,0,0,0
12019,"BattleBlock Theater",2013-04-03,FALSE,3.85,4,855,4,4668,85,5,261,2023-05-16 19:01:05,3,"Teen",0,0,0,1,0,1,1,0,1,1,0,0,0,0,0,0,0,0,0,0,0,0,0,0,0,0
17174,"Resident Evil Revelations 2 / Biohazard Revelations 2",2015-02-24,FALSE,3.67,4,683,2,4667,72,4,613,2023-05-03 14:51:53,4,"Mature",0,0,1,1,1,1,1,1,0,0,0,1,0,0,0,0,0,0,0,0,0,0,0,0,0,0
829,"Killing Floor 2",2016-11-18,FALSE,3.51,4,753,0,4667,75,9,740,2023-05-15 07:34:01,0,NA,0,0,1,1,0,0,1,0,0,0,0,0,0,0,0,0,0,0,0,0,0,0,0,0,0,0
3300,"The Elder Scrolls Online: Tamriel Unlimited",2015-03-17,FALSE,3.48,4,707,5,4655,77,15,691,2023-05-18 21:42:46,4,"Mature",0,0,1,1,0,0,1,0,0,1,0,0,0,0,0,0,0,0,0,0,0,0,0,0,0,0
7381,"ABZU",2016-08-02,FALSE,3.93,4,1023,15,4647,83,2,273,2023-05-19 19:44:23,1,"Everyone",0,0,1,1,0,0,1,1,0,0,0,0,0,0,0,0,0,0,0,0,0,0,0,0,0,0
3052,"STAR WARS Battlefront",2015-11-17,FALSE,3.29,3,1087,4,4637,73,3,606,2023-05-11 17:45:49,3,"Teen",0,0,1,1,0,0,1,0,0,0,0,0,0,0,0,0,0,0,0,0,0,0,0,0,0,0
47137,"Fortnite Battle Royale",2017-09-26,FALSE,3.2,3,918,20,4630,82,0,521,2023-05-17 06:21:35,3,"Teen",1,1,1,1,0,0,1,1,0,1,1,0,1,0,0,0,0,0,0,0,0,0,0,0,0,0
3729,"LEGO The Hobbit",2014-04-08,FALSE,3.4,4,428,0,4627,70,2,508,2023-05-15 19:52:37,0,NA,0,0,1,1,1,1,1,0,0,1,0,1,0,0,0,1,1,0,0,0,0,0,0,0,0,0
2100,"Tales from the Borderlands",2015-10-21,FALSE,4.19,5,1043,4,4612,85,11,629,2023-05-02 23:45:08,0,NA,0,0,1,1,1,1,1,0,0,1,0,0,1,0,0,0,0,0,0,0,0,0,0,0,0,0
295,"Oxenfree",2016-01-14,FALSE,3.91,4,863,16,4605,80,4,339,2023-05-17 00:39:51,3,"Teen",0,0,1,1,0,0,1,1,1,1,1,0,1,0,0,0,0,0,0,0,0,0,0,0,0,0
295021,"Orwell: Keeping an Eye On You",2016-10-27,FALSE,3.27,4,526,4,4604,77,3,249,2023-04-28 14:17:33,3,"Teen",0,0,0,1,0,0,0,0,1,1,1,0,1,0,0,0,0,0,0,0,0,0,0,0,0,0
10064,"Assassin’s Creed Brotherhood",2010-11-16,FALSE,4.25,4,1491,11,4601,88,15,636,2023-05-17 20:20:24,4,"Mature",0,0,1,1,1,1,1,0,0,1,0,0,0,0,0,0,0,0,0,0,0,0,0,0,0,0
19451,"Fallout 3: Game of the Year Edition",2009-10-13,FALSE,4.14,4,862,1,4576,91,4,624,2023-05-16 19:01:53,4,"Mature",0,0,0,1,1,1,0,0,0,0,0,0,0,0,0,0,0,0,0,0,0,0,0,0,0,0
19600,"Far Cry 2",2008-10-21,FALSE,3.45,4,930,4,4562,85,2,621,2023-05-18 20:21:57,4,"Mature",0,0,0,1,1,1,1,0,0,0,0,0,0,0,0,0,0,0,0,0,0,0,0,0,0,0
23587,"Sonic Mania",2017-08-15,FALSE,3.86,4,823,12,4549,85,3,238,2023-05-09 10:16:03,1,"Everyone",0,0,1,1,0,0,1,1,0,0,0,0,0,0,0,0,0,0,0,0,0,0,0,0,0,0
17037,"Monaco: What's Yours Is Mine",2013-04-24,FALSE,3.01,4,352,1,4527,83,3,409,2023-05-15 21:59:36,3,"Teen",0,0,0,1,0,1,0,0,1,1,0,0,0,0,0,0,0,0,0,0,0,0,0,0,0,0
6879,"The Flame in the Flood",2016-02-23,FALSE,2.9,3,378,3,4493,73,2,465,2023-05-02 21:23:14,3,"Teen",0,0,1,1,0,0,1,1,0,1,0,0,0,0,0,0,0,0,0,0,0,0,0,0,0,0
4397,"Battlefield 3",2011-10-25,FALSE,4.05,4,1220,3,4489,86,4,664,2023-05-17 13:33:29,4,"Mature",0,0,0,1,1,1,1,0,0,0,0,0,0,0,0,0,0,0,0,0,0,0,0,0,0,0
4882,"Lara Croft and the Guardian of Light",2010-08-05,FALSE,3.43,4,481,2,4479,82,2,537,2023-05-11 10:22:06,3,"Teen",0,0,0,1,1,1,0,0,0,0,1,0,1,0,0,0,0,0,0,0,0,0,0,0,0,0
3635,"Rogue Legacy",2013-06-27,FALSE,3.87,4,856,3,4477,85,6,350,2023-05-14 09:01:52,3,"Teen",0,0,1,1,1,1,0,1,0,0,0,1,1,0,0,0,0,0,0,0,0,0,0,0,0,0
892,"Dust: An Elysian Tail",2012-08-15,FALSE,3.63,4,604,3,4454,84,4,518,2023-04-24 17:37:59,2,"Everyone 10+",0,0,1,1,0,1,0,1,1,1,0,0,1,0,0,0,0,0,0,0,0,0,0,0,0,0
42215,"Dying Light",2015-01-27,FALSE,4.09,4,1203,11,4451,74,22,662,2023-05-18 19:48:03,4,"Mature",0,0,1,1,0,0,1,1,0,0,0,0,0,0,0,0,0,0,0,0,0,0,0,0,0,0
5565,"F.E.A.R. 3",2011-03-25,FALSE,3.36,4,595,1,4438,74,3,564,2023-05-09 14:21:02,0,NA,0,0,0,1,1,1,0,0,0,0,0,0,0,0,0,0,0,0,0,0,0,0,0,0,0,0
16199,"Killer is Dead - Nightmare Edition",2014-05-23,FALSE,3.21,4,383,5,4434,NA,3,442,2023-04-28 14:17:19,0,NA,0,0,0,1,0,0,0,0,0,0,0,0,0,0,0,0,0,0,0,0,0,0,0,0,0,0
49,"Persona 5",2016-09-15,FALSE,4.38,5,1327,19,4434,93,105,528,2023-05-15 21:57:15,4,"Mature",0,0,1,0,1,0,0,0,0,0,0,0,0,0,0,0,0,0,0,0,0,0,0,0,0,0
5564,"F.E.A.R. 2: Project Origin",2009-02-10,FALSE,3.84,4,619,3,4400,79,4,596,2023-05-09 14:09:42,0,NA,0,0,0,1,1,1,0,0,0,0,0,0,0,0,0,0,0,0,0,0,0,0,0,0,0,0
1758,"Valiant Hearts: The Great War",2014-06-24,FALSE,4.37,5,1241,7,4386,80,6,503,2023-05-16 21:09:56,3,"Teen",0,0,1,1,1,1,1,1,0,0,1,0,1,0,0,0,0,0,0,0,0,0,0,0,0,0
4347,"DiRT Showdown",2012-05-24,FALSE,3.29,4,412,0,4380,74,2,516,2023-05-15 22:06:33,2,"Everyone 10+",0,0,0,1,1,1,0,0,0,0,0,0,0,0,0,0,0,0,0,0,0,0,0,0,0,0
3561,"Spelunky",2012-07-04,FALSE,3.68,4,617,3,4380,90,3,406,2023-04-27 11:12:52,3,"Teen",0,0,1,1,1,1,0,0,0,0,0,1,0,0,0,0,0,0,0,0,0,0,0,0,0,0
3290,"PlanetSide 2",2012-11-20,FALSE,3.01,3,488,0,4374,84,3,597,2023-05-10 07:51:03,3,"Teen",0,0,1,1,0,0,0,0,0,0,0,0,0,0,0,0,0,0,0,0,0,0,0,0,0,0
719,"Deponia",2012-01-27,FALSE,3.83,4,673,1,4373,74,4,583,2023-05-08 11:01:57,3,"Teen",0,0,1,1,0,0,1,1,1,1,0,0,1,0,0,0,0,0,0,0,0,0,0,0,0,0
28110,"Vampyr",2018-06-04,FALSE,3.47,4,793,8,4371,70,6,439,2023-05-06 23:09:19,4,"Mature",0,0,1,1,0,0,1,1,0,0,0,0,0,0,0,0,0,0,0,0,0,0,0,0,0,0
17885,"Overlord",2007-06-26,FALSE,3.8,4,596,2,4371,81,1,1247,2023-05-18 20:11:24,3,"Teen",0,0,0,1,0,1,0,0,1,1,0,0,0,0,0,0,0,0,0,0,0,0,0,0,0,0
4491,"Shadow of the Colossus (2011)",2011-09-22,FALSE,4.27,5,980,5,4371,91,3,238,2023-05-16 12:11:10,3,"Teen",0,0,0,0,1,0,0,0,0,0,0,0,0,0,0,0,0,0,0,0,0,0,0,0,0,0
